date,open,high,close,low,volume,price_change,p_change,ma5,ma10,ma20,v_ma5,v_ma10,v_ma20
2018-07-31,2.53,2.63,2.55,2.49,526523.06,-0.02,-0.78,2.746,2.519,2.358,750292.54,494513.59,299640.36
2018-07-30,2.62,2.74,2.57,2.53,789190.69,-0.2,-7.22,2.742,2.486,2.343,754237.57,451230.19,277859.71
2018-07-27,3.15,3.19,2.77,2.75,1499573.38,-0.29,-9.48,2.69,2.449,2.324,660563.43,380482.32,246353.1
2018-07-26,3.06,3.06,3.06,3.06,331685.69,0.28,10.07,2.582,2.394,2.298,376739.76,239258.18,178932.57
2018-07-25,2.6,2.78,2.78,2.6,604489.88,0.25,9.88,2.408,2.31,2.255,337122.42,222877.69,173487.23
2018-07-24,2.3,2.53,2.53,2.28,546248.19,0.23,10.0,2.292,2.247,2.227,238734.65,174502.86,153229.24
2018-07-23,2.22,2.36,2.31,2.21,320820.03,0.09,4.05,2.23,2.214,2.211,148222.81,129334.54,138373.99
2018-07-20,2.2,2.23,2.23,2.17,80455.01,0.03,1.36,2.208,2.204,2.203,100401.2,106312.11,127215.29
2018-07-19,2.21,2.24,2.19,2.17,133599.0,-0.01,-0.46,2.206,2.199,2.201,101776.6,111203.46,130870.19
2018-07-18,2.21,2.24,2.2,2.2,112551.0,-0.02,-0.9,2.212,2.197,2.199,108632.96,106340.53,140012.53
2018-07-17,2.2,2.23,2.22,2.18,93689.0,0.02,0.91,2.202,2.197,2.2,110271.07,104767.13,151095.28
2018-07-16,2.22,2.22,2.2,2.17,81712.01,-0.02,-0.9,2.198,2.199,2.202,110446.28,104489.24,160863.96
2018-07-13,2.21,2.23,2.22,2.2,87332.0,0.0,0.0,2.2,2.198,2.213,112223.01,112223.88,172436.89
2018-07-12,2.14,2.22,2.22,2.14,167880.8,0.07,3.26,2.192,2.201,2.222,120630.32,118606.95,178204.36
2018-07-11,2.19,2.19,2.15,2.12,120741.52,-0.06,-2.71,2.182,2.2,2.233,104048.09,124096.77,181547.71
2018-07-10,2.22,2.23,2.2,2.19,94565.05,-0.01,-0.45,2.192,2.207,2.249,99263.19,131955.62,182056.6
2018-07-09,2.18,2.22,2.21,2.18,90595.7,0.03,1.38,2.2,2.207,2.262,98532.2,147413.44,183236.25
2018-07-06,2.16,2.22,2.18,2.11,129368.51,0.02,0.93,2.196,2.202,2.277,112224.74,148118.46,188479.48
2018-07-05,2.2,2.21,2.17,2.15,84969.68,-0.03,-1.36,2.21,2.202,2.295,116583.59,150536.91,190170.8
2018-07-04,2.23,2.24,2.2,2.18,96817.0,-0.04,-1.79,2.218,2.201,2.317,144145.45,173684.53,193539.52
2018-07-03,2.19,2.24,2.24,2.18,90910.11,0.05,2.28,2.222,2.202,2.34,164648.05,197423.43,192874.92
2018-07-02,2.25,2.26,2.19,2.18,159058.42,-0.06,-2.67,2.214,2.204,2.36,196294.68,217238.68,191888.92
2018-06-29,2.21,2.26,2.25,2.19,151162.72,0.04,1.81,2.208,2.228,2.383,184012.18,232649.89,188102.95
2018-06-28,2.21,2.28,2.21,2.19,222778.98,-0.01,-0.45,2.194,2.243,2.405,184490.24,237801.76,184713.55
2018-06-27,2.19,2.24,2.22,2.17,199330.0,0.03,1.37,2.184,2.265,2.426,203223.62,238998.65,181584.03
2018-06-26,2.13,2.27,2.2,2.11,249143.28,0.04,1.85,2.182,2.29,2.455,230198.81,232157.58,178414.83
2018-06-25,2.2,2.22,2.16,2.15,97645.94,-0.02,-0.92,2.194,2.317,2.482,238182.69,219059.05,174707.67
2018-06-22,2.12,2.19,2.18,2.1,153552.98,0.02,0.93,2.248,2.351,2.515,281287.6,228840.49,180130.72
2018-06-21,2.2,2.23,2.16,2.1,316445.88,-0.05,-2.26,2.292,2.388,2.55,291113.29,229804.7,180534.57
2018-06-20,2.25,2.25,2.21,2.16,334205.97,-0.06,-2.64,2.346,2.433,2.589,274773.69,213394.51,172874.23
2018-06-19,2.39,2.42,2.26,2.19,289062.66,-0.17,-7.0,2.398,2.477,2.627,234116.35,188326.41,169709.32
2018-06-15,2.4,2.54,2.43,2.38,313170.5,0.04,1.67,2.44,2.515,2.662,199935.42,166539.15,168338.23
2018-06-14,2.42,2.43,2.4,2.38,202681.44,-0.03,-1.24,2.454,2.538,2.689,176393.39,143556.0,174696.82
2018-06-13,2.46,2.46,2.43,2.4,234747.86,-0.03,-1.22,2.484,2.566,2.722,168496.11,131625.34,202115.45
2018-06-12,2.48,2.48,2.47,2.44,130919.29,0.0,0.0,2.52,2.587,2.766,152015.33,124169.41,196580.01
2018-06-11,2.48,2.5,2.47,2.45,118158.0,-0.02,-0.8,2.556,2.619,2.81,142536.48,124672.09,200016.09
2018-06-08,2.54,2.56,2.5,2.46,195460.36,-0.06,-2.34,2.59,2.646,2.858,133142.88,130356.29,202921.91
2018-06-07,2.6,2.6,2.55,2.54,163195.02,-0.06,-2.3,2.622,2.678,2.911,110718.61,131420.95,199636.73
2018-06-06,2.65,2.65,2.61,2.58,152344.0,-0.04,-1.51,2.648,2.712,2.965,94754.58,131264.45,195595.28
2018-06-05,2.65,2.66,2.65,2.63,83525.0,0.01,0.38,2.654,2.744,3.015,96323.49,132353.95,190790.63
2018-06-04,2.66,2.67,2.64,2.63,71190.04,-0.01,-0.38,2.682,2.776,3.063,106807.69,151092.22,191100.08
2018-06-01,2.65,2.69,2.66,2.64,83339.01,-0.01,-0.38,2.702,2.809,3.114,127569.69,170137.31,192155.03
2018-05-31,2.66,2.69,2.68,2.64,83374.83,0.04,1.51,2.734,2.839,3.163,152123.28,205837.64,189987.59
2018-05-30,2.74,2.75,2.64,2.63,160188.59,-0.11,-4.0,2.776,2.878,3.211,167774.32,272605.56,191647.29
2018-05-29,2.73,2.8,2.79,2.72,135946.0,0.05,1.82,2.834,2.944,3.261,168384.4,268990.6,191237.93
2018-05-28,2.81,2.82,2.74,2.73,175000.0,-0.08,-2.84,2.87,3.0,3.305,195376.75,275360.1,185772.63
2018-05-25,2.87,2.88,2.82,2.8,206107.0,-0.07,-2.42,2.916,3.069,3.352,212704.94,275487.53,182318.03
2018-05-24,2.93,2.94,2.89,2.88,161630.0,-0.05,-1.7,2.944,3.143,3.395,259552.0,267852.52,184432.18
2018-05-23,2.96,2.97,2.93,2.92,163239.02,-0.04,-1.35,2.98,3.217,3.438,377436.8,259926.12,183601.58
2018-05-22,2.95,2.99,2.97,2.93,270907.75,0.0,0.0,3.054,3.285,3.479,369596.8,249227.31,176696.73
2018-05-21,2.98,2.98,2.97,2.92,261640.94,0.01,0.34,3.13,3.35,3.52,355343.44,231107.94,164870.14
2018-05-18,3.0,3.0,2.96,2.91,440342.31,-0.1,-3.27,3.222,3.418,3.564,338270.12,214172.75,154613.45
2018-05-17,3.28,3.29,3.07,2.97,751054.0,-0.23,-6.97,3.342,3.487,3.608,276153.03,174137.53,135501.43
2018-05-16,3.35,3.36,3.3,3.29,124039.0,-0.05,-1.49,3.454,3.544,3.644,142415.43,110689.02,99918.33
2018-05-15,3.4,3.42,3.35,3.28,199640.94,-0.09,-2.62,3.516,3.578,3.674,128857.83,113485.26,97521.48
2018-05-14,3.5,3.52,3.43,3.39,176274.34,-0.13,-3.65,3.57,3.61,3.702,106872.45,96185.17,90084.14
2018-05-11,3.61,3.62,3.56,3.48,129756.85,-0.06,-1.66,3.614,3.634,3.726,90075.38,89148.54,84116.17
2018-05-10,3.64,3.66,3.63,3.6,82366.01,0.01,0.28,3.632,3.647,3.748,72122.04,101011.85,82785.63
2018-05-09,3.64,3.65,3.61,3.59,56251.0,-0.03,-0.82,3.634,3.659,3.766,78962.62,107277.04,87145.63
2018-05-08,3.64,3.64,3.62,3.59,89714.03,-0.03,-0.82,3.64,3.673,3.777,98112.7,104166.14,97385.08
2018-05-07,3.63,3.66,3.65,3.61,92289.03,0.01,0.28,3.65,3.69,3.781,85497.89,98632.34,97371.73
2018-05-04,3.63,3.65,3.65,3.61,39990.12,0.01,0.28,3.654,3.709,3.797,88221.69,95054.14,100211.61
2018-05-03,3.64,3.65,3.64,3.55,116568.9,0.0,0.0,3.662,3.728,3.813,129901.67,96865.33,105302.16
2018-05-02,3.61,3.66,3.64,3.57,152001.41,-0.03,-0.82,3.684,3.743,3.829,135591.45,89147.64,125120.61
2018-04-27,3.68,3.7,3.67,3.64,26640.01,-0.01,-0.27,3.706,3.769,3.867,110219.59,81557.7,123874.89
2018-04-26,3.7,3.73,3.67,3.62,105908.01,-0.02,-0.54,3.73,3.793,3.91,111766.78,83983.11,127122.19
2018-04-25,3.65,3.7,3.69,3.61,248390.0,-0.06,-1.6,3.764,3.817,3.952,101886.6,79083.81,128038.14
2018-04-24,3.75,3.77,3.75,3.59,145017.84,0.01,0.27,3.794,3.849,3.992,63829.0,64559.41,120334.39
2018-04-23,3.76,3.78,3.75,3.72,25142.07,-0.02,-0.53,3.802,3.872,4.029,42703.83,67014.22,117196.79
2018-04-20,3.78,3.8,3.79,3.74,34376.0,-0.02,-0.53,3.832,3.881,4.068,52895.82,90604.02,126108.17
2018-04-19,3.83,3.84,3.84,3.76,56507.07,0.0,0.0,3.856,3.872,4.104,56199.43,96111.12,132067.07
2018-04-18,3.83,3.85,3.84,3.72,58102.0,0.03,0.79,3.87,3.884,4.142,56281.02,105369.08,134102.32
2018-04-17,3.88,3.9,3.79,3.79,39392.0,-0.09,-2.32,3.904,3.897,4.184,65289.82,113738.98,135780.42
2018-04-16,3.91,3.92,3.9,3.75,76102.03,-0.01,-0.26,3.942,3.914,4.227,91324.62,161093.58,138034.72
2018-04-13,3.91,3.95,3.91,3.89,50894.07,0.0,0.0,3.93,3.964,4.264,128312.22,166192.08,139881.31
2018-04-12,3.99,3.99,3.91,3.91,56915.0,-0.1,-2.49,3.888,4.026,4.301,136022.8,170261.27,144859.41
2018-04-11,4.0,4.05,4.01,3.92,103146.0,0.02,0.5,3.898,4.087,4.337,154457.14,176992.47,148076.66
2018-04-10,4.08,4.15,3.98,3.9,169566.0,0.15,3.92,3.89,4.135,4.371,162188.14,176109.37,147798.16
2018-02-07,3.75,3.87,3.84,3.58,261040.02,0.15,4.07,3.886,4.185,4.412,230862.54,167379.35,146195.59
2018-02-06,3.89,3.91,3.7,3.6,89447.0,-0.26,-6.57,3.998,4.255,4.457,204071.93,161612.33,138271.56
2018-02-05,3.94,3.97,3.96,3.87,149086.67,-0.02,-0.5,4.164,4.336,4.51,204499.73,168023.03,143761.06
2018-02-02,3.79,3.99,3.97,3.75,141801.0,0.01,0.25,4.276,4.399,4.545,199527.81,162835.56,144288.33
2018-02-01,4.34,4.36,3.96,3.96,512938.0,-0.44,-10.0,4.38,4.471,4.581,190030.61,157821.86,140871.77
2018-01-31,4.51,4.51,4.4,4.32,127087.0,-0.12,-2.65,4.484,4.54,4.616,103896.15,114975.85,121875.32
2018-01-30,4.53,4.56,4.53,4.47,91586.0,0.01,0.22,4.512,4.564,4.625,119152.72,113570.55,124832.89
2018-01-29,4.46,4.54,4.52,4.42,124227.03,0.04,0.89,4.508,4.576,4.625,131546.32,119457.55,129864.6
2018-01-26,4.45,4.49,4.49,4.44,94315.0,0.01,0.22,4.522,4.586,4.625,126143.31,119160.85,136394.1
2018-01-25,4.54,4.54,4.48,4.45,82265.74,-0.04,-0.89,4.562,4.607,4.626,125613.11,119486.95,139472.71
2018-01-24,4.55,4.55,4.54,4.44,203369.81,0.0,0.0,4.596,4.639,4.633,126055.55,125011.83,139801.23
2018-01-23,4.59,4.6,4.51,4.46,153554.02,-0.08,-1.74,4.616,4.659,4.642,107988.39,114930.8,141855.3
2018-01-22,4.7,4.72,4.59,4.58,97212.0,-0.1,-2.13,4.644,4.684,4.653,107368.79,119499.1,146136.15
2018-01-19,4.66,4.74,4.69,4.62,91664.0,0.03,0.64,4.65,4.691,4.658,112178.39,125741.1,144393.86
2018-01-18,4.65,4.66,4.65,4.61,84477.92,0.0,0.0,4.652,4.69,4.662,113360.78,123921.67,145089.56
2018-01-17,4.67,4.7,4.64,4.6,113034.0,-0.03,-0.64,4.682,4.691,4.668,123968.1,128774.78,145688.17
2018-01-16,4.64,4.72,4.65,4.6,150456.02,0.0,0.0,4.702,4.686,4.672,121873.22,136095.24,145253.32
2018-01-15,4.68,4.69,4.62,4.57,121260.0,-0.08,-1.7,4.724,4.674,4.675,131629.41,140271.65,140729.37
2018-01-12,4.78,4.79,4.7,4.65,97575.94,-0.08,-1.67,4.732,4.663,4.683,139303.81,153627.35,142452.87
2018-01-11,4.7,4.81,4.8,4.68,137514.55,0.08,1.7,4.728,4.644,4.688,134482.57,159458.47,147034.18
2018-01-10,4.75,4.75,4.74,4.68,102559.58,0.0,0.0,4.7,4.627,4.691,133581.46,154590.63,145430.14
2018-01-09,4.66,4.76,4.76,4.62,199237.0,0.11,2.37,4.67,4.625,4.693,150317.25,168779.8,145323.09
2018-01-08,4.68,4.68,4.66,4.6,159632.0,-0.03,-0.64,4.624,4.621,4.69,148913.89,172773.21,137651.89
2018-01-05,4.67,4.69,4.68,4.63,73469.7,0.03,0.65,4.594,4.625,4.692,167950.89,163046.62,136351.09
2018-01-04,4.7,4.72,4.66,4.62,133009.0,0.06,1.3,4.56,4.633,4.694,184434.36,166257.46,136964.29
2018-01-03,4.5,4.62,4.59,4.49,186238.56,0.05,1.1,4.554,4.644,4.694,175599.81,162601.56,133894.86
2018-01-02,4.42,4.55,4.53,4.36,192220.17,0.09,2.03,4.58,4.657,4.697,187242.35,154411.41,129213.25
2017-12-29,4.52,4.6,4.51,4.32,254817.0,0.0,0.0,4.618,4.675,4.701,196632.53,141187.09,125071.45
2017-12-28,4.64,4.64,4.51,4.51,155887.09,-0.17,-3.63,4.656,4.702,4.706,158142.36,131278.39,120525.69
2017-12-27,4.7,4.72,4.63,4.55,88836.23,-0.09,-1.91,4.706,4.732,4.703,148080.55,134609.89,118971.87
2017-12-26,4.7,4.76,4.72,4.45,244451.27,-0.01,-0.21,4.734,4.754,4.69,149603.3,136269.64,118185.45
2017-12-25,4.69,4.81,4.72,4.68,239171.05,0.02,0.43,4.734,4.76,4.671,121580.47,121866.39,109515.07
2017-12-22,4.76,4.76,4.7,4.7,62366.14,-0.05,-1.05,4.732,4.758,4.649,85741.66,102530.58,99747.85
2017-12-21,4.74,4.79,4.76,4.68,105578.05,0.0,0.0,4.748,4.758,4.631,104414.43,109655.57,99327.48
2017-12-20,4.73,4.78,4.77,4.61,96450.0,0.04,0.85,4.758,4.755,4.608,121139.24,107671.12,99356.18
2017-12-19,4.69,4.85,4.72,4.67,104337.1,0.0,0.0,4.774,4.744,4.585,122935.98,105188.15,100996.13
2017-12-18,4.76,4.81,4.71,4.7,59977.0,-0.08,-1.67,4.786,4.736,4.57,122152.31,104015.09,99702.87
2017-12-15,4.78,4.81,4.78,4.7,155730.0,-0.03,-0.62,4.784,4.727,4.556,119319.51,108955.8,99943.12
2017-12-14,4.84,4.9,4.81,4.72,189202.09,-0.03,-0.62,4.768,4.709,4.544,114896.71,109772.99,96205.42
2017-12-13,4.76,4.89,4.85,4.76,105433.69,0.07,1.46,4.752,4.674,4.532,94203.01,103333.84,92407.89
2017-12-12,4.72,4.86,4.78,4.71,100418.75,0.08,1.7,4.714,4.625,4.522,87440.33,100101.27,89762.67
2017-12-11,4.68,4.77,4.7,4.67,45813.0,0.01,0.21,4.686,4.581,4.517,85877.87,97163.75,89838.18
2017-12-08,4.67,4.79,4.7,4.66,133616.0,-0.03,-0.63,4.67,4.54,4.517,98592.09,96965.12,90025.03
2017-12-07,4.69,4.74,4.73,4.64,85733.59,0.06,1.28,4.65,4.504,4.517,104649.28,88999.39,85292.43
2017-12-06,4.63,4.68,4.66,4.56,71620.32,0.03,0.65,4.596,4.46,4.516,112464.68,91041.23,82522.25
2017-12-05,4.64,4.71,4.64,4.58,92606.42,0.02,0.43,4.536,4.426,4.52,112762.2,96804.1,82013.53
2017-12-04,4.6,4.66,4.62,4.56,109384.12,0.01,0.22,4.476,4.403,4.524,108449.64,95390.66,81060.34
2017-12-01,4.41,4.69,4.6,4.41,163901.94,0.12,2.68,4.41,4.384,4.531,95338.16,90930.44,81003.33
2017-11-30,4.31,4.5,4.46,4.3,124810.6,0.11,2.53,4.358,4.378,4.539,73349.5,82637.85,76356.5
2017-11-29,4.32,4.36,4.36,4.26,73107.92,0.02,0.46,4.324,4.389,4.556,69617.78,81481.94,71479.72
2017-11-28,4.31,4.34,4.34,4.25,71043.61,0.02,0.46,4.316,4.418,4.578,80846.0,79424.08,71262.67
2017-11-27,4.33,4.36,4.29,4.26,43826.71,-0.05,-1.15,4.33,4.453,4.601,82331.67,82512.61,70278.34
2017-11-24,4.26,4.37,4.34,4.22,53958.66,0.05,1.17,4.358,4.493,4.626,86522.73,83084.94,71870.54
2017-11-23,4.3,4.36,4.29,4.24,106152.0,-0.05,-1.15,4.398,4.529,4.649,91926.2,81585.47,72457.99
2017-11-22,4.39,4.41,4.32,4.25,129249.0,-0.09,-2.04,4.454,4.571,4.674,93346.11,74003.27,69632.14
2017-11-21,4.44,4.46,4.41,4.38,78471.99,-0.02,-0.45,4.52,4.613,4.699,78002.15,67222.97,66849.53
2017-11-20,4.52,4.58,4.43,4.4,64782.0,-0.1,-2.21,4.576,4.645,4.72,82693.56,66730.03,68413.84
2017-11-17,4.55,4.61,4.54,4.49,80976.0,-0.05,-1.09,4.628,4.678,4.738,79647.14,71076.23,70870.4
2017-11-16,4.62,4.62,4.57,4.5,113251.55,-0.07,-1.51,4.66,4.7,4.751,71244.74,70075.15,70369.35
2017-11-15,4.68,4.7,4.65,4.61,52529.23,-0.03,-0.64,4.688,4.722,4.763,54660.43,61477.49,66835.82
2017-11-14,4.67,4.7,4.69,4.63,101929.0,0.0,0.0,4.706,4.737,4.771,56443.79,63101.27,65764.51
2017-11-13,4.7,4.75,4.69,4.68,49549.93,-0.01,-0.21,4.714,4.748,4.777,50766.5,58044.07,62091.87
2017-11-10,4.71,4.72,4.7,4.66,38964.0,-0.02,-0.42,4.728,4.758,4.783,62505.31,60656.15,62448.32
2017-11-09,4.71,4.72,4.71,4.69,30330.0,-0.03,-0.63,4.74,4.768,4.789,68905.55,63330.51,62989.7
2017-11-08,4.68,4.74,4.74,4.67,61446.0,0.01,0.21,4.756,4.777,4.795,68294.55,65261.01,65505.25
2017-11-07,4.76,4.77,4.73,4.69,73542.55,-0.03,-0.63,4.768,4.785,4.801,69758.75,66476.09,65845.05
2017-11-06,4.74,4.79,4.76,4.71,108244.0,0.0,0.0,4.782,4.794,4.809,65321.65,70097.66,66215.67
2017-11-03,4.76,4.78,4.76,4.67,70965.2,-0.03,-0.63,4.788,4.798,4.816,58806.99,70664.57,67060.49
2017-11-02,4.78,4.79,4.79,4.76,27275.02,-0.01,-0.21,4.796,4.802,4.822,57755.46,70663.55,66000.63
2017-11-01,4.79,4.8,4.8,4.76,68767.0,0.0,0.0,4.798,4.803,4.827,62227.47,72194.15,69691.37
2017-10-31,4.75,4.8,4.8,4.72,51357.01,0.01,0.21,4.802,4.804,4.831,63193.42,68427.75,68696.87
2017-10-30,4.79,4.8,4.79,4.62,75670.74,-0.01,-0.21,4.806,4.805,4.837,74873.66,66139.67,70086.02
2017-10-27,4.78,4.82,4.8,4.77,65707.55,0.0,0.0,4.808,4.807,4.846,82522.14,64240.49,71858.94
2017-10-26,4.82,4.82,4.8,4.77,49635.05,-0.02,-0.41,4.808,4.81,4.854,83571.64,62648.9,71626.91
2017-10-25,4.8,4.82,4.82,4.78,73596.76,0.0,0.0,4.808,4.813,4.863,82160.83,65749.5,71499.71
2017-10-24,4.79,4.84,4.82,4.77,109758.22,0.02,0.42,4.806,4.816,4.87,73662.07,65214.02,72677.17
2017-10-23,4.79,4.82,4.8,4.4,113913.14,0.0,0.0,4.804,4.823,4.878,57405.67,62333.68,70761.12
2017-10-20,4.79,4.82,4.8,4.78,70955.01,0.0,0.0,4.806,4.833,4.885,45958.84,63456.4,72440.98
2017-10-19,4.79,4.83,4.8,4.77,42581.0,-0.01,-0.21,4.812,4.841,4.894,41726.17,61337.7,79007.65
2017-10-18,4.82,4.82,4.81,4.79,31103.0,0.0,0.0,4.818,4.85,4.898,49338.17,67188.6,86232.91
2017-10-17,4.78,4.82,4.81,4.77,28476.2,0.0,0.0,4.826,4.858,4.911,56765.97,68966.0,88900.9
2017-10-16,4.82,4.82,4.81,4.76,56679.0,-0.02,-0.41,4.842,4.869,4.924,67261.68,74032.38,94207.2
2017-10-13,4.8,4.83,4.83,4.76,49791.63,0.0,0.0,4.86,4.885,4.936,80953.96,79477.38,100177.2
2017-10-12,4.84,4.85,4.83,4.76,80641.01,-0.02,-0.41,4.87,4.898,4.94,80949.23,80604.92,102361.58
2017-10-11,4.86,4.88,4.85,4.83,68242.0,-0.04,-0.82,4.882,4.912,4.944,85039.03,77249.93,104229.77
2017-10-10,4.89,4.92,4.89,4.83,80954.76,-0.01,-0.2,4.89,4.924,4.946,81166.03,80140.32,108027.71
2017-10-09,4.92,4.92,4.9,4.83,125140.4,0.02,0.41,4.896,4.933,4.942,80803.08,79188.56,108865.8
2017-09-29,4.86,4.88,4.88,4.83,49768.0,-0.01,-0.2,4.91,4.937,4.936,78000.8,81425.56,109951.12
2017-09-28,4.88,4.9,4.89,4.81,101090.0,0.0,0.0,4.926,4.946,4.927,80260.61,96677.59,112897.51
2017-09-27,4.9,4.9,4.89,4.85,48877.0,-0.03,-0.61,4.942,4.946,4.917,69460.82,105277.21,110447.66
2017-09-26,4.95,4.97,4.92,4.86,79140.0,-0.05,-1.01,4.958,4.964,4.908,79114.61,108835.79,111039.66
2017-09-25,4.95,4.98,4.97,4.88,111129.01,0.01,0.2,4.97,4.979,4.898,77574.04,114382.01,109888.41
2017-09-22,4.95,4.99,4.96,4.91,61067.06,-0.01,-0.2,4.964,4.986,4.886,84850.32,120877.02,107122.26
2017-09-21,4.98,5.03,4.97,4.94,47091.02,0.0,0.0,4.966,4.982,4.873,113094.57,124118.23,106686.05
2017-09-20,4.97,5.02,4.97,4.89,97145.96,-0.01,-0.2,4.95,4.976,4.86,141093.6,131209.62,106052.95
2017-09-19,4.94,5.03,4.98,4.93,71437.15,0.04,0.81,4.97,4.968,4.845,138556.98,135915.09,104394.71
2017-09-18,4.92,4.97,4.94,4.88,147510.41,-0.03,-0.6,4.988,4.951,4.834,151189.99,138543.04,105137.38
2017-09-15,4.92,5.08,4.97,4.9,202288.33,0.08,1.64,5.008,4.934,4.823,156903.71,138476.68,99793.37
2017-09-14,5.07,5.09,4.89,4.88,187086.16,-0.18,-3.55,4.998,4.908,4.809,135141.88,129117.42,91684.18
2017-09-13,5.08,5.13,5.07,5.03,84462.83,0.0,0.0,5.002,4.888,4.801,121325.64,115618.11,88699.89
2017-09-12,5.03,5.08,5.07,4.98,134602.2,0.03,0.59,4.966,4.852,4.783,133273.21,113243.52,86971.95
2017-09-11,4.93,5.06,5.04,4.93,176079.03,0.12,2.44,4.914,4.816,4.765,125896.1,105394.8,82620.01
2017-09-08,4.92,4.93,4.92,4.85,93479.18,0.01,0.2,4.86,4.785,4.747,120049.66,93367.5,75716.91
2017-09-07,4.89,4.92,4.91,4.82,118004.94,0.02,0.41,4.818,4.764,4.73,123092.96,89253.87,73909.14
2017-09-06,4.8,4.92,4.89,4.78,144200.69,0.08,1.66,4.774,4.743,4.718,109910.57,80896.28,72475.31
2017-09-05,4.75,4.81,4.81,4.75,97716.64,0.04,0.84,4.738,4.722,4.711,93213.84,72874.33,67600.87
2017-09-04,4.71,4.81,4.77,4.7,146846.83,0.06,1.27,4.718,4.716,4.707,84893.51,71731.71,64710.19
2017-09-01,4.69,4.73,4.71,4.63,108695.71,0.02,0.43,4.71,4.711,4.705,66685.35,61110.06,59867.48
2017-08-31,4.71,4.71,4.69,4.66,52093.0,-0.02,-0.42,4.71,4.71,4.707,55414.78,54250.94,59150.63
2017-08-30,4.71,4.71,4.71,4.68,60717.01,0.0,0.0,4.712,4.713,4.707,51881.98,61781.67,59037.42
2017-08-29,4.73,4.75,4.71,4.69,56115.01,-0.02,-0.42,4.706,4.714,4.707,52534.82,60700.37,58749.23
2017-08-28,4.71,4.75,4.73,4.7,55806.0,0.02,0.42,4.714,4.713,4.71,58569.91,59845.22,58218.84
2017-08-25,4.69,4.74,4.71,4.67,52342.86,0.01,0.21,4.712,4.708,4.71,55534.77,58066.32,58138.62
2017-08-24,4.68,4.71,4.7,4.67,34429.0,0.02,0.43,4.71,4.695,4.71,53087.09,58564.4,57685.65
2017-08-23,4.75,4.75,4.68,4.67,63981.25,-0.07,-1.47,4.714,4.692,4.713,71681.37,64054.35,59364.08
2017-08-22,4.71,4.77,4.75,4.69,86290.42,0.03,0.64,4.722,4.699,4.715,68865.92,62327.41,59208.84
2017-08-21,4.7,4.72,4.72,4.69,40630.32,0.02,0.43,4.712,4.697,4.713,61120.53,57688.67,57477.27
2017-08-18,4.71,4.72,4.7,4.68,40104.48,-0.02,-0.42,4.704,4.699,4.714,60597.87,58624.9,58778.02
2017-08-17,4.72,4.75,4.72,4.69,127400.37,0.0,0.0,4.68,4.704,4.715,64041.71,64050.33,58683.55
2017-08-16,4.7,4.74,4.72,4.67,49904.0,0.02,0.43,4.67,4.701,4.714,56427.33,56293.17,55329.29
2017-08-15,4.67,4.75,4.7,4.65,47563.5,0.02,0.43,4.676,4.7,4.714,55788.89,56798.1,57017.84
2017-08-14,4.58,4.69,4.68,4.57,38017.0,0.1,2.18,4.682,4.706,4.709,54256.8,56592.45,60753.14
2017-08-11,4.65,4.65,4.58,4.55,57323.7,-0.09,-1.93,4.694,4.711,4.706,56651.94,58210.92,65198.89
2017-08-10,4.73,4.74,4.67,4.65,89328.44,-0.08,-1.68,4.728,4.725,4.721,64058.95,56806.91,64752.86
2017-08-09,4.73,4.75,4.75,4.71,46711.83,0.02,0.42,4.732,4.734,4.732,56159.02,54673.81,64930.04
2017-08-08,4.73,4.76,4.73,4.71,39903.05,-0.01,-0.21,4.724,4.73,4.74,57807.3,56090.27,66502.25
2017-08-07,4.75,4.76,4.74,4.7,49992.66,-0.01,-0.21,4.73,4.729,4.751,58928.1,57265.87,68630.04
2017-08-04,4.74,4.81,4.75,4.74,94358.77,0.06,1.28,4.728,4.728,4.763,59769.91,58931.14,75101.52
2017-08-03,4.71,4.73,4.69,4.66,49828.77,-0.02,-0.42,4.722,4.725,4.78,49554.86,53316.76,81094.45
2017-08-02,4.75,4.77,4.71,4.7,54953.24,-0.05,-1.05,4.736,4.727,4.792,53188.6,54365.41,81008.36
2017-08-01,4.72,4.77,4.76,4.72,45507.07,0.03,0.63,4.736,4.727,4.802,54373.25,57237.59,80402.22
2017-07-31,4.72,4.76,4.73,4.7,54201.68,0.01,0.21,4.728,4.712,4.809,55603.64,64913.83,81141.57
2017-07-28,4.75,4.76,4.72,4.7,43283.54,-0.04,-0.84,4.728,4.701,4.819,58092.37,72186.87,81570.44
2017-07-27,4.7,4.79,4.76,4.66,67997.46,0.05,1.06,4.728,4.717,4.83,57078.67,72698.81,86013.91
2017-07-26,4.71,4.75,4.71,4.67,60876.5,-0.01,-0.21,4.718,4.729,4.845,55542.23,75186.27,91492.15
2017-07-25,4.73,4.76,4.72,4.7,51659.01,-0.01,-0.21,4.718,4.749,4.855,60101.93,76914.22,90549.78
2017-07-24,4.72,4.75,4.73,4.7,66645.36,0.01,0.21,4.696,4.772,4.866,74224.03,79994.22,92527.82
2017-07-21,4.71,4.76,4.72,4.7,38215.0,0.01,0.21,4.674,4.797,4.872,86281.36,91271.9,91545.0
2017-07-20,4.7,4.78,4.71,4.69,60315.26,0.0,0.0,4.706,4.834,4.877,88318.96,108872.14,91625.54
2017-07-19,4.65,4.73,4.71,4.6,83675.02,0.1,2.17,4.74,4.856,4.885,94830.31,107651.31,90887.36
2017-07-18,4.61,4.67,4.61,4.53,122269.51,-0.01,-0.22,4.78,4.877,4.895,93726.51,103566.86,90005.31
2017-07-17,4.88,4.91,4.62,4.6,126932.0,-0.26,-5.33,4.848,4.906,4.908,85764.4,97369.31,87663.39
2017-07-14,4.88,4.91,4.88,4.85,48403.0,0.0,0.0,4.92,4.937,4.924,96262.45,90954.01,84106.14
2017-07-13,4.92,4.98,4.88,4.84,92872.0,-0.03,-0.61,4.962,4.942,4.926,129425.32,99329.0,84566.74
2017-07-12,4.99,4.99,4.91,4.86,78156.02,-0.04,-0.81,4.972,4.961,4.933,120472.32,107798.04,83094.79
2017-07-11,4.98,5.04,4.95,4.94,82459.0,-0.03,-0.6,4.974,4.96,4.937,113407.21,104185.34,82208.72
2017-07-10,5.03,5.06,4.98,4.96,179422.23,-0.11,-2.16,4.964,4.959,4.939,108974.21,105061.42,82165.45
2017-07-07,4.93,5.14,5.09,4.93,214217.36,0.16,3.25,4.954,4.946,4.936,85645.56,91818.09,76082.04
2017-07-06,4.93,4.95,4.93,4.91,48107.0,0.01,0.2,4.922,4.92,4.925,69232.68,74378.94,67719.02
2017-07-05,4.9,4.93,4.92,4.88,42830.44,0.02,0.41,4.95,4.913,4.926,95123.75,74123.4,69273.01
2017-07-04,4.93,4.94,4.9,4.87,60294.0,-0.03,-0.61,4.946,4.912,4.924,94963.47,76443.77,70558.35
2017-07-03,4.92,4.94,4.93,4.87,62779.02,0.0,0.0,4.954,4.91,4.92,101148.64,77957.48,69821.35
2017-06-30,4.99,4.99,4.93,4.91,132152.92,-0.14,-2.76,4.938,4.91,4.916,97990.62,77258.27,70677.88
2017-06-29,4.92,5.08,5.07,4.91,177562.38,0.17,3.47,4.918,4.91,4.91,79525.2,69804.48,67973.9
2017-06-28,4.92,4.96,4.9,4.88,42029.04,-0.04,-0.81,4.876,4.904,4.897,53123.04,58391.54,67823.82
2017-06-27,4.86,4.99,4.94,4.85,91219.82,0.09,1.86,4.878,4.913,4.894,57924.06,60232.1,70490.32
2017-06-26,4.82,4.86,4.85,4.78,46988.96,0.02,0.41,4.866,4.919,4.883,54766.33,59269.48,68508.22
2017-06-23,4.86,4.87,4.83,4.78,39825.79,-0.03,-0.62,4.882,4.925,4.877,56525.92,60345.98,73356.14
2017-06-22,4.92,4.94,4.86,4.84,45551.61,-0.05,-1.02,4.902,4.93,4.867,60083.76,61059.1,78008.77
2017-06-21,4.87,4.98,4.91,4.85,66034.11,0.03,0.61,4.932,4.939,4.849,63660.03,64422.62,79530.47
2017-06-20,4.92,4.92,4.88,4.85,75431.19,-0.05,-1.01,4.948,4.935,4.829,62540.14,64672.94,79028.34
2017-06-19,4.93,4.94,4.93,4.85,55786.88,0.0,0.0,4.972,4.929,4.812,63772.63,61685.21,78704.98
2017-06-16,5.01,5.01,4.93,4.89,57615.01,-0.08,-1.6,4.968,4.921,4.794,64166.05,64097.48,80313.12
2017-06-15,4.98,5.02,5.01,4.98,63432.94,0.02,0.4,4.958,4.91,4.783,62034.45,66143.33,81563.32
2017-06-14,5.0,5.02,4.99,4.95,60434.7,-0.01,-0.2,4.946,4.89,4.767,65185.22,77256.1,83138.61
2017-06-13,4.9,5.02,5.0,4.87,81593.6,0.09,1.83,4.922,4.874,4.747,66805.73,80748.54,82838.65
2017-06-12,4.88,4.94,4.91,4.85,57754.0,0.03,0.61,4.886,4.846,4.725,59597.8,77746.95,83647.02
2017-06-09,4.92,4.96,4.88,4.86,46957.0,-0.04,-0.81,4.874,4.828,4.707,64028.91,86366.3,88301.12
2017-06-08,4.9,4.98,4.95,4.85,79186.79,0.08,1.64,4.862,4.803,4.694,70252.21,94958.44,91032.35
2017-06-07,4.8,4.89,4.87,4.8,68537.27,0.05,1.04,4.834,4.759,4.685,89326.99,94638.32,92869.31
2017-06-06,4.81,4.85,4.82,4.79,45553.95,-0.03,-0.62,4.826,4.723,4.683,94691.35,93383.73,94939.15
2017-06-05,4.85,4.96,4.85,4.8,79909.55,0.03,0.62,4.806,4.694,4.691,95896.1,95724.74,98330.38
2017-06-02,4.78,4.87,4.82,4.73,78073.48,0.01,0.21,4.782,4.667,4.702,108703.69,96528.75,98838.32
2017-06-01,4.8,4.83,4.81,4.73,174560.69,-0.02,-0.41,4.744,4.655,4.716,119664.67,96983.3,99784.75
2017-05-31,4.73,4.84,4.83,4.7,95359.1,0.11,2.33,4.684,4.644,4.732,99949.65,89021.11,94932.78
2017-05-26,4.73,4.75,4.72,4.7,51577.69,-0.01,-0.21,4.62,4.619,4.749,92076.11,84928.76,93438.54
2017-05-25,4.63,4.82,4.73,4.58,143947.47,0.1,2.16,4.582,4.604,4.77,95553.38,89547.08,100853.38
2017-05-24,4.52,4.64,4.63,4.39,132878.39,0.12,2.66,4.552,4.586,4.794,84353.81,90235.94,99273.57
2017-05-23,4.49,4.57,4.51,4.47,75985.62,0.0,0.0,4.566,4.584,4.82,74301.94,87106.26,98394.8
2017-05-22,4.52,4.57,4.51,4.48,55991.4,-0.02,-0.44,4.604,4.611,4.848,78092.56,91100.3,106228.42
2017-05-19,4.57,4.62,4.53,4.51,68964.0,-0.05,-1.09,4.618,4.642,4.894,77781.41,96494.56,112553.56
2017-05-18,4.66,4.69,4.58,4.55,87949.66,-0.12,-2.55,4.626,4.688,4.949,83540.78,100936.02,123903.47
2017-05-17,4.69,4.76,4.7,4.66,82619.0,0.0,0.0,4.62,4.736,5.004,96118.06,101147.9,140285.32
2017-05-16,4.6,4.72,4.7,4.5,94938.76,0.12,2.62,4.602,4.777,5.048,99910.58,102586.21,164987.56
2017-05-15,4.61,4.62,4.58,4.56,54435.62,0.01,0.22,4.618,4.819,5.088,104108.04,100844.45,175856.46
2017-05-12,4.52,4.61,4.57,4.46,97760.86,0.02,0.44,4.666,4.879,5.13,115207.71,101948.33,181452.96
2017-05-11,4.61,4.61,4.55,4.32,150836.05,-0.06,-1.3,4.75,4.936,5.173,118331.26,112159.68,185893.13
2017-05-10,4.78,4.82,4.61,4.6,101581.59,-0.17,-3.56,4.852,5.001,5.214,106177.73,108311.21,186270.93
2017-05-09,4.82,4.86,4.78,4.65,115926.06,-0.04,-0.83,4.952,5.055,5.252,105261.84,109683.35,188471.22
2017-05-08,4.94,4.97,4.82,4.81,109934.0,-0.17,-3.41,5.02,5.084,5.282,97580.85,121356.55,190057.74
2017-05-05,5.06,5.11,4.99,4.98,113378.62,-0.07,-1.38,5.092,5.145,5.308,88688.94,128612.56,190168.87
2017-05-04,5.12,5.12,5.06,5.03,90068.4,-0.05,-0.98,5.122,5.209,5.327,105988.09,146870.91,190777.67
2017-05-03,5.13,5.17,5.11,5.02,97002.11,-0.01,-0.2,5.15,5.271,5.341,110444.69,179422.74,191726.29
2017-05-02,5.15,5.18,5.12,5.1,77521.14,-0.06,-1.16,5.158,5.319,5.348,114104.87,227388.92,191918.73
2017-04-28,5.13,5.18,5.18,5.1,65474.44,0.04,0.78,5.148,5.357,5.353,145132.24,250868.48,202782.41
2017-04-27,5.17,5.18,5.14,5.0,199874.36,-0.06,-1.15,5.198,5.381,5.368,168536.17,260957.58,214373.34
2017-04-26,5.16,5.26,5.2,5.12,112351.4,0.05,0.97,5.296,5.41,5.39,187753.74,259626.58,217284.85
2017-04-25,5.12,5.2,5.15,5.1,115303.0,0.08,1.58,5.392,5.427,5.403,248400.79,264230.64,217085.74
2017-04-24,5.48,5.52,5.07,5.02,232658.0,-0.36,-6.63,5.48,5.449,5.417,340672.97,267259.09,216986.95
2017-04-21,5.6,5.61,5.43,5.42,182494.09,-0.2,-3.55,5.566,5.48,5.437,356604.72,258758.94,211477.0
2017-04-20,5.68,5.68,5.63,5.48,295962.19,-0.05,-0.88,5.564,5.471,5.439,353379.0,251725.19,210025.92
2017-04-19,5.61,5.72,5.68,5.52,415586.69,0.09,1.61,5.524,5.445,5.432,331499.41,234684.43,208103.06
2017-04-18,5.5,5.95,5.59,5.47,576663.88,0.09,1.64,5.462,5.411,5.427,280060.49,204029.84,198509.83
2017-04-17,5.49,5.59,5.5,5.45,312316.75,0.08,1.48,5.418,5.376,5.427,193845.21,156448.54,182610.8
2017-04-14,5.46,5.49,5.42,5.39,166365.48,-0.01,-0.18,5.394,5.348,5.43,160913.15,154696.34,176546.28
2017-04-13,5.33,5.44,5.43,5.33,186564.27,0.06,1.12,5.378,5.354,5.433,150071.39,167789.1,173004.26
2017-04-12,5.35,5.41,5.37,5.3,158392.06,0.0,0.0,5.366,5.369,5.435,137869.44,174943.13,168738.24
2017-04-11,5.38,5.42,5.37,5.27,145587.48,-0.01,-0.19,5.36,5.378,5.44,127999.2,169940.84,168744.0
2017-04-10,5.34,5.42,5.38,5.3,147656.47,0.04,0.75,5.334,5.385,5.448,119051.88,166714.81,166395.81
2017-04-07,5.36,5.41,5.34,5.32,112156.66,-0.03,-0.56,5.302,5.393,5.457,148479.54,164195.07,165696.35
2017-04-06,5.35,5.43,5.37,5.3,125554.52,0.03,0.56,5.33,5.406,5.466,185506.8,168326.64,166364.6
2017-04-05,5.26,5.36,5.34,5.26,109040.86,0.1,1.91,5.372,5.418,5.474,212016.82,181521.69,169054.39
2017-03-31,5.23,5.28,5.24,5.2,100850.89,0.02,0.38,5.396,5.443,5.477,211882.47,192989.81,169794.19
2017-03-30,5.45,5.46,5.22,5.19,294794.75,-0.26,-4.75,5.436,5.477,5.488,214377.75,208773.05,170587.45
2017-03-29,5.55,5.59,5.48,5.41,297293.0,-0.1,-1.79,5.484,5.511,5.5,179910.6,198396.22,167531.14
2017-03-24,5.5,5.59,5.58,5.44,258104.59,0.12,2.2,5.482,5.512,5.5,151146.48,178219.42,166116.88
2017-03-23,5.45,5.48,5.46,5.4,108369.14,0.02,0.37,5.464,5.501,5.503,151026.56,162533.36,161982.95
2017-03-22,5.42,5.46,5.44,5.39,113327.25,-0.02,-0.37,5.49,5.502,5.511,174097.14,167547.16,169581.38
2017-03-21,5.45,5.51,5.46,5.44,122459.04,-0.01,-0.18,5.518,5.51,5.522,203168.35,166076.81,184699.34
2017-03-20,5.44,5.49,5.47,5.44,153472.36,-0.02,-0.36,5.538,5.52,5.526,216881.84,167197.63,192365.11
2017-03-17,5.58,5.59,5.49,5.47,257505.02,-0.1,-1.79,5.542,5.525,5.526,205292.36,164402.57,192801.07
2017-03-16,5.58,5.63,5.59,5.53,223722.05,0.01,0.18,5.538,5.529,5.523,174040.16,156587.08,186720.86
2017-03-15,5.53,5.64,5.58,5.52,258683.3,0.02,0.36,5.514,5.511,5.517,160997.17,146598.58,182771.65
2017-03-14,5.52,5.57,5.56,5.48,191026.45,0.07,1.27,5.502,5.499,5.51,128985.27,132401.84,180322.5
2017-03-13,5.48,5.5,5.49,5.43,95525.0,0.02,0.37,5.502,5.488,5.509,117513.42,136666.06,178162.22
2017-03-10,5.45,5.52,5.47,5.44,101244.0,0.0,0.0,5.508,5.488,5.513,123512.77,154014.34,185349.72
2017-03-09,5.51,5.53,5.47,5.43,158507.11,-0.05,-0.91,5.52,5.505,5.518,139134.0,161432.54,196466.4
2017-03-08,5.58,5.58,5.52,5.5,98623.8,-0.04,-0.72,5.508,5.519,5.52,132199.99,171615.6,203236.32
2017-03-07,5.53,5.58,5.56,5.51,133667.19,0.04,0.72,5.496,5.533,5.514,135818.41,203321.87,204273.34
2017-03-06,5.56,5.57,5.52,5.49,125521.73,-0.01,-0.18,5.474,5.532,5.505,155818.7,217532.6,202615.65
2017-03-03,5.43,5.54,5.53,5.4,179350.17,0.12,2.22,5.468,5.526,5.498,184515.92,221199.57,202505.4
2017-03-02,5.46,5.51,5.41,5.4,123837.05,-0.05,-0.92,5.49,5.517,5.489,183731.09,216854.64,201363.84
2017-03-01,5.44,5.52,5.46,5.43,116715.92,0.01,0.18,5.53,5.523,5.493,211031.2,218944.72,200579.35
2017-02-28,5.49,5.53,5.45,5.41,233668.62,-0.04,-0.73,5.57,5.52,5.49,270825.33,228243.15,206718.57
2017-02-27,5.64,5.65,5.49,5.47,269007.84,-0.15,-2.66,5.59,5.529,5.493,279246.5,219658.39,211525.05
2017-02-24,5.59,5.65,5.64,5.59,175426.0,0.03,0.54,5.584,5.538,5.493,257883.23,216685.09,210391.51
2017-02-23,5.67,5.7,5.61,5.55,260337.64,-0.05,-0.88,5.544,5.531,5.483,249978.2,231500.25,212347.47
2017-02-22,5.54,5.69,5.66,5.52,415686.56,0.11,1.98,5.516,5.521,5.473,226858.23,234857.04,224754.78
2017-02-21,5.48,5.58,5.55,5.44,275774.47,0.09,1.65,5.47,5.495,5.471,185660.97,205224.81,252031.71
2017-02-20,5.41,5.48,5.46,5.41,162191.47,0.02,0.37,5.468,5.478,5.464,160070.28,187698.71,245393.52
2017-02-17,5.47,5.5,5.44,5.4,135900.84,-0.03,-0.55,5.492,5.469,5.459,175486.96,183811.22,249438.16
2017-02-16,5.43,5.5,5.47,5.39,144737.81,0.04,0.74,5.518,5.461,5.456,213022.31,185873.04,249824.27
2017-02-15,5.55,5.55,5.43,5.36,209700.27,-0.11,-1.99,5.526,5.462,5.451,242855.85,182213.97,249984.32
2017-02-14,5.58,5.63,5.54,5.52,147821.0,-0.04,-0.72,5.52,5.46,5.447,224788.65,185193.99,244407.1
2017-02-13,5.56,5.7,5.58,5.53,239274.88,0.01,0.18,5.488,5.456,5.437,215327.13,203391.72,241087.3
2017-02-10,5.52,5.61,5.57,5.49,323577.59,0.06,1.09,5.446,5.447,5.426,192135.48,204097.93,235856.16
2017-02-09,5.4,5.56,5.51,5.38,293905.53,0.11,2.04,5.404,5.435,5.416,158723.76,193194.68,230498.66
2017-02-08,5.38,5.41,5.4,5.32,119364.27,0.02,0.37,5.398,5.425,5.406,121572.09,214652.52,221432.42
2017-02-07,5.37,5.4,5.38,5.33,100513.4,0.01,0.19,5.4,5.447,5.403,145599.33,298838.6,223272.36
2017-02-06,5.36,5.41,5.37,5.31,123316.61,0.01,0.19,5.424,5.449,5.4,191456.3,303088.34,224217.84
2017-02-03,5.46,5.51,5.36,5.35,156519.0,-0.12,-2.19,5.448,5.448,5.396,216060.38,315065.1,230555.05
2017-01-26,5.42,5.49,5.48,5.41,108147.19,0.07,1.29,5.466,5.451,5.391,227665.59,313775.5,233374.64
2017-01-25,5.47,5.51,5.41,5.39,239500.44,-0.09,-1.64,5.452,5.44,5.377,307732.95,317754.66,235389.19
2017-01-24,5.46,5.62,5.5,5.42,329798.25,0.01,0.18,5.494,5.433,5.363,452077.87,303620.22,234127.72
2017-01-23,5.51,5.66,5.49,5.47,246337.0,0.04,0.73,5.474,5.417,5.341,414720.38,278782.89,221242.6
2017-01-20,5.39,5.51,5.45,5.35,214545.09,0.04,0.74,5.448,5.405,5.318,414069.81,267614.39,216652.86
2017-01-19,5.55,5.58,5.41,5.31,508483.97,-0.21,-3.74,5.436,5.396,5.302,399885.4,267802.64,209211.96
2017-01-18,5.4,5.94,5.62,5.37,961225.06,0.22,4.07,5.428,5.387,5.289,327776.37,228212.31,187107.92
2017-01-17,5.32,5.41,5.4,5.28,143010.78,0.04,0.75,5.372,5.358,5.264,155162.56,147706.12,142830.76
2017-01-16,5.41,5.43,5.36,5.09,243084.17,-0.03,-0.56,5.36,5.35,5.253,142845.41,145347.35,140850.44
2017-01-13,5.37,5.39,5.39,5.33,143623.02,0.02,0.37,5.362,5.344,5.246,121158.97,146045.01,134305.02
2017-01-12,5.3,5.38,5.37,5.29,147938.83,0.03,0.56,5.356,5.331,5.237,135719.87,152973.78,133287.44
2017-01-11,5.34,5.4,5.34,5.31,98156.01,0.0,0.0,5.346,5.313,5.228,128648.25,153023.72,133270.74
2017-01-10,5.35,5.4,5.34,5.33,81425.0,-0.03,-0.56,5.344,5.293,5.224,140249.68,164635.22,136715.24
2017-01-09,5.36,5.45,5.37,5.35,134652.0,0.01,0.19,5.34,5.264,5.222,147849.28,163702.3,149080.57
2017-01-06,5.3,5.39,5.36,5.24,216427.52,0.04,0.75,5.326,5.23,5.22,170931.06,165691.33,152187.68
2017-01-05,5.33,5.35,5.32,5.29,112580.7,-0.01,-0.19,5.306,5.208,5.214,170227.69,150621.28,145573.87
2017-01-04,5.34,5.34,5.33,5.28,156163.2,0.01,0.19,5.28,5.19,5.212,177399.2,146003.52,149352.6
2017-01-03,5.32,5.37,5.32,5.29,119423.0,0.02,0.38,5.242,5.169,5.21,189020.75,137955.4,147362.33
2016-12-30,5.24,5.39,5.3,5.24,250060.86,0.04,0.76,5.188,5.156,5.209,179555.32,136353.53,148378.76
2016-12-29,5.2,5.26,5.26,5.11,212910.7,0.07,1.35,5.134,5.148,5.209,160451.61,122565.03,146860.57
2016-12-28,5.1,5.24,5.19,5.1,148438.23,0.05,0.97,5.11,5.143,5.213,131014.87,113601.09,145611.23
2016-12-27,5.2,5.3,5.14,5.14,214270.97,0.09,1.78,5.1,5.143,5.222,114607.84,113517.76,151476.6
2016-12-26,5.05,5.05,5.05,4.98,72095.85,0.02,0.4,5.096,5.154,5.228,86890.05,108795.26,155347.06
2016-12-23,5.12,5.13,5.03,4.98,154542.3,-0.11,-2.14,5.124,5.179,5.241,93151.73,134458.83,170517.42
2016-12-22,5.15,5.16,5.14,5.11,65727.0,0.0,0.0,5.162,5.209,5.249,84678.44,138684.03,171906.94
2016-12-21,5.12,5.17,5.14,5.12,66403.1,0.02,0.39,5.176,5.219,5.249,96187.31,140526.46,175697.59
2016-12-20,5.19,5.19,5.12,5.11,75682.01,-0.07,-1.35,5.186,5.233,5.253,112427.67,152701.67,181650.44
2016-12-19,5.23,5.23,5.19,5.13,103404.24,-0.03,-0.57,5.212,5.251,5.257,130700.46,156769.26,189412.17
2016-12-16,5.23,5.26,5.22,5.17,112175.86,0.01,0.19,5.234,5.262,5.256,175765.93,160403.99,198001.1
2016-12-15,5.18,5.29,5.21,5.14,123271.34,0.02,0.39,5.256,5.269,5.252,192689.62,171156.11,198867.97
2016-12-14,5.19,5.28,5.19,5.12,147604.91,-0.06,-1.14,5.262,5.283,5.25,184865.62,177621.36,199771.93
2016-12-13,5.3,5.3,5.25,5.02,167045.94,-0.05,-0.94,5.28,5.3,5.25,192975.67,189435.44,202146.87
2016-12-12,5.33,5.44,5.3,5.24,328731.59,-0.03,-0.56,5.29,5.302,5.247,182838.05,201898.87,201121.46
2016-12-09,5.26,5.35,5.33,5.2,196794.31,0.09,1.72,5.29,5.302,5.241,145042.05,206576.0,198452.99
2016-12-08,5.26,5.28,5.24,5.21,84151.33,-0.04,-0.76,5.282,5.288,5.232,149622.6,205129.85,200504.6
2016-12-07,5.27,5.29,5.28,5.18,188155.19,-0.01,-0.19,5.304,5.279,5.226,170377.11,210868.72,205975.18
2016-12-06,5.32,5.35,5.3,5.25,116357.85,0.0,0.0,5.32,5.272,5.216,185895.21,210599.2,208132.12
2016-12-05,5.25,5.33,5.3,5.22,139751.59,0.01,0.19,5.314,5.262,5.208,220959.69,222055.09,209329.7
2016-12-02,5.36,5.37,5.29,5.25,219697.02,-0.06,-1.12,5.314,5.25,5.198,268109.95,235598.22,211296.64
2016-12-01,5.37,5.38,5.35,5.31,187923.91,-0.01,-0.19,5.294,5.235,5.192,260637.11,226579.84,209706.19
2016-11-30,5.24,5.37,5.36,5.23,265745.69,0.09,1.71,5.254,5.217,5.184,251360.33,221922.5,211766.03
2016-11-29,5.28,5.35,5.27,5.26,291680.25,-0.03,-0.57,5.224,5.199,5.172,235303.19,214858.29,211487.57
2016-11-28,5.21,5.32,5.3,5.21,375502.88,0.11,2.12,5.21,5.191,5.169,223150.48,200344.05,211552.48
2016-11-25,5.13,5.19,5.19,5.11,182332.83,0.05,0.97,5.186,5.18,5.163,203086.48,190329.97,218507.14
2016-11-24,5.2,5.2,5.15,5.13,141540.0,-0.05,-0.96,5.176,5.176,5.173,192522.57,195879.35,237932.16
2016-11-23,5.19,5.23,5.21,5.17,185460.0,0.01,0.19,5.18,5.173,5.196,192484.68,201081.64,268644.4
2016-11-22,5.17,5.22,5.2,5.17,230916.69,0.02,0.39,5.174,5.16,5.209,194413.39,205665.05,292425.19
2016-11-21,5.14,5.19,5.18,5.12,275182.88,0.05,0.97,5.172,5.153,5.215,177537.62,196604.31,290851.77
2016-11-18,5.17,5.17,5.14,5.12,129513.26,-0.03,-0.58,5.174,5.146,5.222,177573.47,186995.07,292827.66
2016-11-17,5.16,5.17,5.17,5.12,141350.55,0.0,0.0,5.176,5.148,5.233,199236.12,192832.55,297373.81
2016-11-16,5.18,5.2,5.18,5.15,195103.55,0.0,0.0,5.166,5.15,5.243,209678.6,201609.56,301441.81
2016-11-15,5.18,5.2,5.19,5.15,146537.88,0.0,0.0,5.146,5.145,5.253,216916.7,208116.85,301992.62
2016-11-14,5.15,5.23,5.19,5.15,275362.09,0.03,0.58,5.134,5.147,5.263,215670.99,222760.91,307239.71
2016-11-11,5.12,5.16,5.15,5.08,237826.55,0.03,0.59,5.118,5.146,5.271,196416.67,246684.3,309389.81
2016-11-10,5.1,5.15,5.12,5.09,193562.91,0.04,0.79,5.12,5.169,5.287,186428.97,279984.97,318969.62
2016-11-09,5.14,5.14,5.08,5.01,231294.09,-0.06,-1.17,5.134,5.218,5.301,193540.52,336207.16,322067.6
2016-11-08,5.11,5.15,5.13,5.09,140309.3,0.02,0.39,5.144,5.258,5.315,199317.0,379185.34,322079.68
2016-11-07,5.16,5.16,5.11,5.08,179090.52,-0.05,-0.97,5.16,5.277,5.328,229850.83,385099.23,329433.03
2016-11-04,5.19,5.25,5.16,5.12,187888.02,-0.03,-0.58,5.174,5.298,5.344,296951.93,398660.26,342374.43
2016-11-03,5.14,5.21,5.19,5.11,229120.67,0.05,0.97,5.218,5.317,5.347,373540.98,401915.08,353501.61
2016-11-02,5.2,5.2,5.13,5.12,260176.47,-0.09,-1.72,5.302,5.336,5.352,478873.79,401274.07,363035.35
2016-11-01,5.24,5.25,5.21,5.14,292978.47,0.03,0.58,5.372,5.36,5.365,559053.68,395868.38,366386.98
2016-10-31,5.31,5.32,5.18,5.12,514596.03,-0.19,-3.54,5.394,5.379,5.382,540347.64,391718.52,375275.77
2016-10-28,5.45,5.54,5.38,5.36,570833.25,-0.23,-4.1,5.422,5.395,5.403,500368.58,372095.32,369257.85
2016-10-27,5.5,5.77,5.61,5.43,755784.75,0.14,2.56,5.416,5.405,5.423,430289.18,357954.27,364338.48
2016-10-26,5.32,5.5,5.48,5.32,661075.88,0.16,3.01,5.37,5.383,5.437,323674.35,307928.04,357923.74
2016-10-25,5.34,5.34,5.32,5.29,199448.27,0.01,0.19,5.348,5.372,5.452,232683.09,264974.01,352095.54
2016-10-24,5.34,5.34,5.32,5.24,314700.75,-0.02,-0.38,5.364,5.378,5.479,243089.39,273766.83,377787.99
2016-10-21,5.38,5.4,5.35,5.3,220436.27,-0.04,-0.74,5.368,5.389,5.494,243822.05,286088.61,376465.53
2016-10-20,5.35,5.45,5.38,5.33,222710.56,0.01,0.19,5.394,5.377,5.507,285619.36,305088.14,381496.46
2016-10-19,5.43,5.43,5.37,5.32,206119.61,-0.04,-0.74,5.396,5.367,5.523,292181.74,324796.62,395211.63
2016-10-18,5.3,5.42,5.4,5.29,251479.78,0.07,1.31,5.396,5.37,5.533,297264.94,336905.57,410441.92
2016-10-17,5.44,5.48,5.34,5.29,318364.03,-0.14,-2.56,5.392,5.384,5.549,304444.26,358833.03,425820.83
2016-10-14,5.44,5.55,5.48,5.43,429422.84,0.09,1.67,5.41,5.411,5.575,328355.17,366420.39,453218.05
2016-10-13,5.35,5.45,5.39,5.33,255522.44,0.02,0.37,5.36,5.441,5.591,324556.92,370722.68,491822.93
2016-10-12,5.35,5.38,5.37,5.28,231535.59,-0.01,-0.19,5.338,5.49,5.603,357411.5,407919.45,516825.48
2016-10-11,5.42,5.46,5.38,5.35,287376.41,-0.05,-0.92,5.344,5.531,5.606,376546.2,439217.06,525430.26
2016-10-10,5.23,5.44,5.43,5.23,437918.56,0.21,4.02,5.376,5.579,5.61,413221.79,481809.16,529196.46
2016-09-30,5.3,5.31,5.23,5.17,410431.62,-0.05,-0.95,5.412,5.599,5.615,404485.62,466842.46,540928.88
2016-09-29,5.36,5.42,5.28,5.27,419795.34,-0.11,-2.04,5.522,5.636,5.64,416888.44,457904.77,578477.81
2016-09-28,5.5,5.53,5.4,5.35,327209.06,-0.14,-2.53,5.642,5.678,5.65,458427.39,465626.64,580356.84
2016-09-27,5.55,5.58,5.54,5.38,470754.38,-0.07,-1.25,5.718,5.695,5.657,501887.93,483978.27,598723.22
2016-09-26,5.75,5.76,5.61,5.58,394237.69,-0.17,-2.94,5.782,5.714,5.646,550396.53,492808.64,600113.82
2016-09-23,5.81,5.91,5.78,5.75,472445.75,-0.09,-1.53,5.786,5.739,5.628,529199.29,540015.71,614799.2
2016-09-22,5.84,5.95,5.88,5.73,627490.06,0.12,2.08,5.75,5.741,5.613,498921.09,612923.17,614758.45
2016-09-21,5.79,5.93,5.78,5.7,544511.75,-0.08,-1.36,5.714,5.716,5.594,472825.88,625731.52,608656.36
2016-09-20,5.71,5.9,5.86,5.68,713297.38,0.23,4.08,5.672,5.68,5.58,466068.61,611643.45,615977.73
2016-09-19,5.63,5.73,5.63,5.58,288251.53,0.03,0.54,5.646,5.64,5.569,435220.74,576583.77,647595.36
2016-09-14,5.6,5.76,5.6,5.58,321054.75,-0.1,-1.75,5.692,5.63,5.581,550832.13,615015.29,741785.55
2016-09-13,5.63,5.83,5.7,5.62,497014.0,0.14,2.52,5.732,5.643,5.568,726925.25,699050.86,776931.44
2016-09-12,5.55,5.72,5.57,5.5,510725.38,-0.16,-2.79,5.718,5.621,5.56,778637.16,695087.05,816730.78
2016-09-09,5.8,5.95,5.73,5.71,559058.06,-0.12,-2.05,5.688,5.619,5.555,757218.3,713468.16,873181.39
2016-09-08,5.8,6.05,5.86,5.76,866308.44,0.06,1.03,5.634,5.578,5.537,717946.79,707419.01,926620.42
2016-09-07,5.63,6.18,5.8,5.56,1201520.38,0.17,3.02,5.568,5.516,5.494,679198.46,689582.68,935008.21
2016-09-06,5.42,5.66,5.63,5.38,755573.56,0.21,3.88,5.554,5.484,5.46,671176.46,616593.72,955295.0
2016-09-05,5.48,5.58,5.42,5.39,403631.06,-0.04,-0.73,5.524,5.471,5.453,611536.94,591581.2,1023118.32
2016-09-02,5.47,5.62,5.46,5.45,362700.5,-0.08,-1.44,5.55,5.479,5.433,669718.03,620312.01,1059674.19
2016-09-01,5.65,5.69,5.53,5.5,672566.81,-0.2,-3.49,5.522,5.498,5.388,696891.23,718606.96,1075277.24
2016-08-31,5.48,5.84,5.73,5.45,1161410.38,0.25,4.56,5.464,5.531,5.34,699966.9,868555.81,1062428.09
2016-08-30,5.58,5.61,5.48,5.43,457375.94,-0.07,-1.26,5.414,5.492,5.275,562010.98,854812.03,1016488.27
2016-08-29,5.34,5.66,5.55,5.31,694536.5,0.24,4.52,5.418,5.499,5.218,571625.46,938374.5,1001187.48
2016-08-26,5.23,5.44,5.32,5.21,498566.5,0.07,1.33,5.408,5.491,5.153,570906.0,1032894.61,978637.41
2016-08-25,5.4,5.4,5.24,5.13,687945.19,-0.24,-4.38,5.474,5.495,5.105,740322.7,1145821.84,962303.24
2016-08-24,5.43,5.53,5.48,5.4,471630.78,-0.01,-0.18,5.598,5.471,5.065,1037144.71,1180433.74,938112.85
2016-08-23,5.46,5.58,5.5,5.4,505448.34,0.0,0.0,5.57,5.436,5.011,1147613.08,1293996.28,938506.22
2016-08-22,5.6,5.7,5.5,5.45,690939.19,-0.14,-2.48,5.58,5.434,4.964,1305123.54,1454655.44,927176.67
2016-08-19,5.69,5.75,5.65,5.55,1345650.0,-0.21,-3.58,5.574,5.386,4.917,1494883.22,1499036.37,910886.12
2016-08-18,5.3,5.86,5.86,5.23,2172055.25,0.53,9.94,5.516,5.277,4.869,1551320.97,1431947.52,878975.07
2016-08-17,5.45,5.54,5.34,5.22,1023972.62,-0.21,-3.78,5.344,5.148,4.82,1323722.77,1256300.38,790064.33
2016-08-16,5.48,5.74,5.55,5.3,1293000.62,0.09,1.65,5.302,5.057,4.775,1440379.47,1178164.51,746645.02
2016-08-15,5.33,5.82,5.47,5.27,1639737.62,0.1,1.86,5.288,4.936,4.717,1604187.35,1064000.46,688787.33
2016-08-12,5.05,5.48,5.36,4.99,1627838.75,0.35,6.99,5.198,4.814,4.662,1503189.52,924380.21,614280.64
2016-08-11,5.14,5.25,5.0,5.0,1034064.25,-0.13,-2.53,5.038,4.715,4.613,1312574.06,778784.64,538266.69
2016-08-10,5.25,5.32,5.13,5.1,1607256.12,-0.33,-6.04,4.952,4.658,4.584,1188877.98,695791.96,496255.53
2016-08-09,5.06,5.52,5.48,5.0,2112040.0,0.46,9.16,4.812,4.586,4.548,915949.55,583016.15,426341.09
2016-08-08,4.57,5.02,5.02,4.53,1134748.5,0.46,10.09,4.584,4.494,4.492,523813.58,399697.9,333714.65
2016-08-05,4.77,4.99,4.56,4.55,674761.44,-0.01,-0.22,4.43,4.448,4.459,345570.89,322735.87,292264.76
2016-08-04,4.43,4.73,4.57,4.4,415583.84,0.14,3.16,4.392,4.461,4.452,244995.22,326002.62,278162.78
2016-08-03,4.32,4.5,4.43,4.31,242613.95,0.09,2.07,4.364,4.492,4.433,202705.94,323828.29,267031.2
2016-08-02,4.27,4.38,4.34,4.25,151360.17,0.09,2.12,4.36,4.493,4.42,250082.76,315125.53,265366.35
2016-08-01,4.39,4.39,4.25,4.23,243535.05,-0.12,-2.75,4.404,4.497,4.413,275582.21,313574.19,271642.41
2016-07-29,4.41,4.42,4.37,4.35,171883.11,-0.07,-1.58,4.466,4.509,4.407,299900.84,304181.07,269162.95
2016-07-28,4.4,4.45,4.43,4.34,204137.42,0.02,0.45,4.53,4.51,4.394,407010.01,297748.74,271551.72
2016-07-27,4.55,4.55,4.41,4.33,479498.06,-0.15,-3.29,4.62,4.51,4.376,444950.64,296719.1,271729.17
2016-07-26,4.53,4.61,4.56,4.5,278857.41,0.01,0.22,4.626,4.51,4.357,380168.3,269666.02,254782.46
2016-07-25,4.66,4.66,4.56,4.52,365128.22,-0.14,-2.98,4.59,4.489,4.331,351566.18,267731.41,246714.58
2016-07-22,4.98,4.98,4.69,4.57,707428.94,-0.19,-3.89,4.552,4.469,4.303,308461.29,261793.65,234867.14
2016-07-21,4.88,4.88,4.88,4.78,393840.56,0.44,9.91,4.49,4.443,4.269,188487.46,230322.95,205462.5
2016-07-19,4.39,4.45,4.44,4.35,155586.36,0.06,1.37,4.4,4.373,4.228,148487.56,210234.1,190859.63
2016-07-18,4.36,4.39,4.38,4.33,135846.8,0.02,0.46,4.394,4.346,4.208,159163.74,215607.17,192759.28
2016-07-15,4.37,4.39,4.37,4.34,149603.81,0.0,0.0,4.388,4.328,4.189,183896.64,229710.63,188995.73
2016-07-14,4.43,4.43,4.38,4.36,107559.78,-0.05,-1.13,4.386,4.304,4.17,215126.0,234144.83,185246.49
2016-07-13,4.41,4.52,4.43,4.39,193841.05,0.02,0.45,4.396,4.278,4.151,272158.43,245354.7,184260.46
2016-07-12,4.31,4.44,4.41,4.31,208967.28,0.06,1.38,4.346,4.241,4.127,271980.64,246739.23,177699.31
2016-07-11,4.36,4.38,4.35,4.32,259511.28,-0.01,-0.23,4.298,4.204,4.104,272050.59,239898.9,173040.0
2016-07-08,4.42,4.42,4.36,4.27,305750.59,-0.06,-1.36,4.268,4.172,4.089,275524.61,225697.75,164787.6
2016-07-07,4.16,4.5,4.43,4.13,392721.94,0.26,6.24,4.222,4.137,4.073,253163.67,207940.64,153960.43
2016-07-06,4.18,4.19,4.18,4.13,192952.12,0.01,0.24,4.16,4.095,4.054,218550.96,180602.06,139003.29
2016-07-05,4.22,4.22,4.17,4.16,209317.0,-0.01,-0.24,4.136,4.082,4.047,221497.82,171485.16,134393.69
2016-07-04,4.14,4.23,4.2,4.14,276881.41,0.09,2.19,4.11,4.07,4.042,207747.22,169911.4,129072.02
2016-07-01,4.12,4.21,4.13,4.1,193945.86,0.03,0.73,4.076,4.05,4.034,175870.88,148280.84,121775.26
2016-06-30,4.07,4.21,4.12,4.05,219658.42,0.07,1.73,4.052,4.035,4.029,162717.62,136348.15,118821.95
2016-06-29,4.05,4.15,4.06,4.04,207686.41,0.02,0.49,4.03,4.024,4.019,142653.16,123166.23,109480.3
2016-06-28,4.05,4.06,4.04,4.01,140564.0,0.01,0.25,4.028,4.012,4.015,121472.49,108659.39,101610.87
2016-06-27,3.98,4.03,4.03,3.95,117499.71,0.02,0.5,4.03,4.003,4.011,132075.58,106181.09,97598.6
2016-06-24,3.99,4.02,4.01,3.91,128179.57,-0.01,-0.25,4.024,4.006,4.008,120690.79,103877.45,94633.14
2016-06-23,4.05,4.05,4.01,3.95,119336.09,-0.03,-0.74,4.018,4.009,4.008,109978.68,99980.22,92889.87
2016-06-22,4.01,4.05,4.05,3.99,101783.1,0.0,0.0,4.018,4.012,4.006,103679.31,97404.52,93819.48
2016-06-21,4.17,4.21,4.05,4.02,193579.41,0.04,1.0,3.996,4.012,4.002,95846.29,97302.22,91857.11
2016-06-17,3.98,4.03,4.0,3.98,60575.8,0.02,0.5,3.976,4.013,3.997,80286.61,88232.63,87405.28
2016-06-16,4.01,4.03,3.98,3.98,74619.0,-0.04,-0.99,3.988,4.017,3.994,87064.1,95269.68,90448.55
2016-06-15,3.91,4.02,4.01,3.91,87839.25,0.06,1.52,4.0,4.022,4.0,89981.77,101295.76,94196.95
2016-06-14,3.92,3.97,3.94,3.91,62618.0,-0.01,-0.25,4.006,4.014,4.005,91129.72,95794.36,93285.42
2016-06-13,4.04,4.04,3.95,3.94,115781.0,-0.11,-2.71,4.028,4.017,4.011,98758.15,94562.35,98486.67
2016-06-08,4.02,4.08,4.06,4.02,94463.24,0.03,0.74,4.05,4.019,4.025,96178.66,89016.11,96512.72
2016-06-07,4.04,4.06,4.04,4.01,89207.35,0.0,0.0,4.046,4.01,4.032,103475.26,85388.84,94961.58
2016-06-06,4.07,4.07,4.04,4.02,93579.0,-0.01,-0.25,4.044,4.006,4.042,112609.74,85799.51,94329.6
2016-06-03,4.05,4.06,4.05,4.02,100760.16,-0.01,-0.25,4.022,4.0,4.051,100459.01,90234.44,95765.69
2016-06-02,4.03,4.06,4.06,4.01,102883.54,0.02,0.49,4.006,3.991,4.07,90366.55,86412.0,98555.07
2016-06-01,4.04,4.05,4.04,4.02,130946.26,0.01,0.25,3.988,3.98,4.095,81853.55,86577.92,105165.58
2016-05-31,3.95,4.04,4.03,3.94,134879.75,0.1,2.54,3.974,3.97,4.113,67302.42,85627.43,104179.16
2016-05-30,3.98,3.98,3.93,3.92,32825.34,-0.04,-1.01,3.968,3.977,4.134,58989.27,87098.15,104963.81
2016-05-27,3.97,3.98,3.97,3.94,50297.84,-0.01,-0.25,3.978,3.996,4.151,80009.86,90776.47,105541.05
2016-05-26,3.99,3.99,3.97,3.9,60318.57,0.0,0.0,3.976,4.005,4.165,82457.45,102410.99,108848.14
2016-05-25,4.01,4.02,3.97,3.96,58190.6,-0.03,-0.75,3.972,4.03,4.181,91302.29,104009.33,109024.11
2016-05-24,3.97,4.02,4.0,3.96,93314.0,0.02,0.5,3.966,4.054,4.197,103952.44,104534.31,109532.05
2016-05-23,3.96,3.99,3.98,3.93,137928.31,0.02,0.51,3.986,4.077,4.211,115207.04,102859.7,107826.39
2016-05-20,3.92,3.97,3.96,3.89,62535.78,0.0,0.0,4.014,4.101,4.225,101543.07,101296.94,103724.56
2016-05-19,3.94,3.99,3.95,3.91,104542.77,0.01,0.25,4.034,4.148,4.239,122364.52,110698.13,104893.47
2016-05-18,4.09,4.1,3.94,3.86,121441.32,-0.16,-3.9,4.088,4.209,4.255,116716.37,123753.25,108433.85
2016-05-17,4.12,4.15,4.1,4.07,149587.0,-0.02,-0.48,4.142,4.255,4.281,105116.18,122730.88,109260.78
2016-05-16,4.09,4.13,4.12,4.03,69608.5,0.05,1.23,4.168,4.29,4.301,90512.36,122829.47,110248.72
2016-05-13,4.18,4.21,4.06,4.04,166643.0,-0.15,-3.56,4.188,4.306,4.322,101050.8,120305.63,114976.9
2016-05-12,4.16,4.22,4.22,4.09,76302.01,0.01,0.24,4.262,4.325,4.342,99031.74,115285.3,111294.06
2016-05-11,4.23,4.29,4.21,4.18,63440.4,-0.02,-0.47,4.33,4.331,4.351,130790.12,114038.89,116907.0
2016-05-10,4.23,4.25,4.23,4.18,76567.9,0.02,0.47,4.368,4.34,4.357,140345.58,114529.79,118385.02
2016-05-09,4.39,4.46,4.22,4.17,122300.68,-0.2,-4.53,4.412,4.344,4.366,155146.58,112793.07,120519.96
2016-05-06,4.52,4.58,4.43,4.42,156547.73,-0.14,-3.06,4.424,4.348,4.37,139560.45,106152.18,119223.1
2016-05-05,4.4,4.59,4.56,4.37,235093.91,0.16,3.64,4.388,4.329,4.366,131538.85,99088.8,118378.87
2016-05-04,4.46,4.47,4.4,4.37,111217.69,-0.04,-0.9,4.332,4.301,4.359,97287.66,93114.45,118595.71
2016-05-03,4.28,4.47,4.45,4.27,150572.88,0.17,3.97,4.312,4.307,4.357,88714.0,95790.68,125072.68
2016-04-29,4.23,4.29,4.28,4.21,44370.05,0.03,0.71,4.276,4.312,4.348,70439.56,97667.97,127034.89
2016-04-28,4.3,4.31,4.25,4.13,116439.74,-0.03,-0.7,4.272,4.337,4.342,72743.91,109648.18,131210.32
2016-04-27,4.32,4.36,4.28,4.28,63837.93,-0.03,-0.7,4.27,4.358,4.338,66638.75,107302.82,134308.66
2016-04-26,4.25,4.31,4.3,4.22,68349.4,0.02,0.47,4.27,4.37,4.326,88941.23,119775.11,140817.45
2016-04-25,4.23,4.29,4.27,4.16,59200.7,0.01,0.23,4.302,4.374,4.318,102867.36,122240.25,150176.55
2016-04-22,4.23,4.27,4.26,4.18,55891.77,0.02,0.47,4.348,4.387,4.313,124896.38,128246.84,156447.75
2016-04-21,4.25,4.32,4.24,4.21,85913.95,-0.03,-0.7,4.402,4.392,4.31,146552.45,132294.03,164740.42
2016-04-20,4.47,4.49,4.28,4.15,175350.34,-0.19,-4.25,4.446,4.403,4.312,147966.88,137668.94,169532.94
2016-04-19,4.49,4.54,4.46,4.44,137980.05,-0.03,-0.67,4.47,4.417,4.312,150608.99,144076.98,172374.48
2016-04-18,4.5,4.52,4.5,4.39,169345.77,-0.04,-0.88,4.446,4.407,4.306,141613.13,154354.68,173504.37
2016-04-15,4.46,4.55,4.53,4.44,164172.14,0.06,1.34,4.426,4.383,4.292,131597.31,156401.81,172467.44
2016-04-14,4.43,4.48,4.46,4.41,92986.11,0.05,1.13,4.382,4.346,4.271,118035.61,152772.46,169721.33
2016-04-13,4.35,4.47,4.4,4.35,188560.86,0.06,1.38,4.36,4.318,4.249,127370.99,161314.5,169545.46
2016-04-12,4.39,4.39,4.34,4.28,93000.77,-0.06,-1.36,4.364,4.282,4.233,137544.97,161859.8,164867.06
2016-04-11,4.32,4.42,4.4,4.32,119266.68,0.09,2.09,4.368,4.261,4.225,167096.23,178112.85,165053.96
2016-04-08,4.3,4.35,4.31,4.26,96363.62,-0.04,-0.92,4.34,4.239,4.209,181206.31,184648.67,161130.57
2016-04-07,4.4,4.41,4.35,4.33,139663.02,-0.06,-1.36,4.31,4.227,4.199,187509.31,197186.81,159066.59
2016-04-06,4.33,4.47,4.42,4.3,239430.75,0.06,1.38,4.276,4.22,4.19,195258.01,201396.95,154348.58
2016-04-05,4.26,4.38,4.36,4.22,240757.09,0.1,2.35,4.2,4.206,4.182,186174.63,200671.98,145983.49
2016-04-01,4.15,4.27,4.26,4.1,189817.05,0.1,2.4,4.154,4.204,4.177,189129.46,192654.06,137138.72
2016-03-31,4.19,4.21,4.16,4.14,127878.66,-0.02,-0.48,4.138,4.2,4.173,188091.02,188533.06,131246.59
2016-03-30,4.06,4.2,4.18,4.05,178406.48,0.14,3.46,4.144,4.195,4.183,206864.3,186670.2,129447.39
2016-03-29,4.12,4.15,4.04,4.0,194013.88,-0.09,-2.18,4.164,4.179,4.193,207535.88,177776.42,125208.52
2016-03-28,4.19,4.23,4.13,4.08,255531.22,-0.04,-0.96,4.212,4.183,4.199,215169.32,167874.31,119053.24
2016-03-25,4.16,4.21,4.18,4.11,184624.88,0.0,0.0,4.254,4.188,4.195,196178.66,151995.08,110965.71
2016-03-24,4.27,4.27,4.19,4.16,221745.02,-0.1,-2.33,4.262,4.179,4.199,188975.1,137612.47,105519.07
2016-03-23,4.28,4.31,4.28,4.25,181764.42,0.0,0.0,4.246,4.171,4.204,166476.1,120946.37,102499.64
2016-03-22,4.31,4.42,4.28,4.27,232181.05,-0.06,-1.38,4.194,4.159,4.219,148016.95,107300.21,99382.91
2016-03-21,4.25,4.35,4.34,4.23,160577.95,0.13,3.09,4.154,4.157,4.232,120579.31,91295.0,97106.18
2016-03-18,4.09,4.23,4.22,4.08,148607.06,0.12,2.93,4.122,4.149,4.242,107811.5,81623.39,101146.93
2016-03-17,4.02,4.12,4.11,3.99,109250.02,0.1,2.49,4.096,4.145,4.241,86249.84,73960.12,97605.57
2016-03-16,4.07,4.12,4.02,4.0,89468.66,-0.06,-1.47,4.096,4.171,4.244,75416.64,72224.59,96659.59
2016-03-15,4.15,4.18,4.08,4.04,94992.84,-0.1,-2.39,4.124,4.207,4.253,66583.48,72640.62,96205.24
2016-03-14,4.11,4.25,4.18,4.1,96738.9,0.09,2.2,4.16,4.215,4.256,62010.68,70232.17,95695.68
2016-03-11,4.1,4.12,4.09,4.06,40798.78,-0.01,-0.24,4.176,4.202,4.246,55435.27,69936.34,94085.22
2016-03-10,4.15,4.22,4.11,4.09,55084.02,-0.04,-0.96,4.194,4.219,4.241,61670.4,73425.67,94647.98
2016-03-09,4.18,4.18,4.16,4.1,45302.85,-0.1,-2.35,4.246,4.236,4.238,69032.54,84052.91,95936.48
2016-03-08,4.26,4.29,4.26,4.1,72128.87,0.0,0.0,4.29,4.279,4.229,78697.76,91465.62,97366.06
2016-03-07,4.22,4.36,4.26,4.2,63861.85,0.08,1.91,4.27,4.306,4.216,78453.66,102917.37,96680.49
2016-03-04,4.35,4.39,4.18,4.13,71974.43,-0.19,-4.35,4.228,4.334,4.197,84437.4,120670.47,96219.79
2016-03-03,4.42,4.44,4.37,4.34,91894.71,-0.02,-0.46,4.244,4.336,4.188,85180.94,121251.02,95846.41
2016-03-02,4.15,4.39,4.38,4.14,93628.95,0.22,5.29,4.226,4.317,4.163,99073.28,121094.58,94142.3
2016-03-01,4.06,4.19,4.16,4.02,70908.36,0.12,2.97,4.268,4.298,4.147,104233.47,119769.85,94292.79
2016-02-29,4.25,4.27,4.05,3.9,93780.54,-0.22,-5.15,4.342,4.296,4.145,127381.07,121159.19,96770.63
2016-02-26,4.28,4.35,4.26,4.17,75692.12,-0.03,-0.7,4.44,4.29,4.17,156903.54,118234.1,94628.5
2016-02-25,4.58,4.58,4.28,4.16,161356.41,-0.31,-6.75,4.428,4.263,4.183,157321.1,115870.29,94028.69
2016-02-24,4.53,4.64,4.59,4.5,119429.92,0.04,0.88,4.408,4.239,4.194,143115.89,107820.05,89103.86
2016-02-23,4.48,4.61,4.53,4.38,186646.36,0.0,0.0,4.328,4.178,4.196,135306.23,103266.5,86625.26
2016-02-22,4.22,4.62,4.54,4.22,241392.88,0.34,8.1,4.25,4.125,4.205,114937.31,90443.61,82010.26
2016-02-19,4.13,4.24,4.2,4.13,77779.93,0.03,0.72,4.14,4.06,4.205,79564.65,71769.11,74011.26
2016-02-18,4.19,4.23,4.18,4.16,90330.35,0.0,0.0,4.098,4.04,4.223,74419.48,70441.81,76356.99
2016-02-17,4.13,4.19,4.19,4.09,80381.65,0.04,0.96,4.07,4.009,4.261,72524.22,67190.02,76888.69
2016-02-16,4.02,4.17,4.14,3.93,84801.73,0.15,3.76,4.028,3.996,4.294,71226.76,68815.72,78711.47
2016-02-15,3.85,4.03,3.99,3.8,64529.61,-0.01,-0.25,4.0,3.993,4.336,65949.92,72382.07,80797.5
2016-02-05,4.04,4.07,3.99,3.99,52054.06,-0.05,-1.24,3.98,4.05,4.378,63973.56,71022.89,92334.39
2016-02-04,3.98,4.09,4.04,3.96,80854.05,0.06,1.51,3.982,4.103,4.424,66464.13,72187.09,99385.75
2016-02-03,3.99,4.0,3.98,3.9,73894.33,-0.02,-0.5,3.948,4.149,4.457,61855.81,70387.66,97048.57
2016-02-02,3.88,4.02,4.0,3.87,58417.53,0.12,3.09,3.964,4.213,4.517,66404.68,69984.03,101045.22
2016-02-01,3.96,3.98,3.89,3.81,54647.81,-0.11,-2.75,3.986,4.284,4.568,78814.22,73576.92,107993.3
2016-01-29,3.9,4.04,4.0,3.87,64506.94,0.13,3.36,4.12,4.35,4.621,78072.23,76253.41,114939.96
2016-01-28,4.05,4.09,3.87,3.85,57812.46,-0.18,-4.44,4.224,4.405,4.696,77910.05,82272.17,123278.15
2016-01-27,4.11,4.15,4.06,3.89,96638.68,-0.05,-1.22,4.35,4.512,4.781,78919.51,86587.37,131156.33
2016-01-26,4.54,4.54,4.11,4.1,120465.23,-0.45,-9.87,4.462,4.591,4.86,73563.37,88607.21,141159.47
2016-01-25,4.6,4.63,4.56,4.52,50937.85,0.04,0.89,4.582,4.678,4.922,68339.61,89212.92,148247.75
2016-01-22,4.54,4.61,4.52,4.41,63696.04,0.01,0.22,4.58,4.706,4.969,74434.58,113645.88,156562.69
2016-01-21,4.57,4.68,4.5,4.5,62859.75,-0.13,-2.81,4.586,4.745,5.019,86634.28,126584.41,178113.45
2016-01-20,4.68,4.76,4.62,4.6,69858.0,-0.09,-1.91,4.674,4.764,5.064,94255.23,123709.49,192623.82
2016-01-19,4.53,4.75,4.71,4.49,94346.4,0.16,3.52,4.72,4.82,5.102,103651.05,132106.41,197122.98
2016-01-18,4.5,4.63,4.55,4.42,81412.7,0.01,0.22,4.774,4.852,5.134,110086.24,142409.68,200694.82
2016-01-15,4.88,4.94,4.55,4.46,124694.57,-0.4,-8.08,4.832,4.892,5.171,152857.18,153626.51,208541.36
2016-01-14,4.75,4.95,4.94,4.69,100964.46,0.09,1.86,4.904,4.986,5.215,166534.54,164284.13,217773.77
2016-01-13,4.93,5.01,4.85,4.8,116837.14,-0.12,-2.41,4.854,5.049,5.23,153163.75,175725.29,220651.95
2016-01-12,4.84,4.98,4.98,4.76,126522.31,0.14,2.89,4.92,5.128,5.246,160561.76,193711.73,219921.11
2016-01-11,4.81,5.18,4.84,4.75,295267.41,-0.07,-1.43,4.93,5.166,5.254,174733.11,207282.58,220267.54
2016-01-08,4.94,4.97,4.91,4.6,193081.36,0.2,4.25,4.952,5.232,5.263,154395.83,199479.49,209477.71
2016-01-07,5.08,5.09,4.69,4.69,34110.52,-0.49,-9.46,5.068,5.292,5.27,162033.73,229642.5,206829.97
2016-01-06,5.06,5.19,5.18,4.99,153827.19,0.15,2.98,5.244,5.364,5.293,198286.84,261538.16,210191.07
2016-01-05,4.81,5.09,5.03,4.7,197379.09,0.08,1.62,5.336,5.384,5.292,226861.7,262139.55,212395.18
2016-01-04,5.5,5.52,4.95,4.95,193581.0,-0.54,-9.84,5.402,5.416,5.308,239832.05,258979.97,211427.51
2015-12-31,5.53,5.69,5.49,5.46,231270.84,-0.07,-1.26,5.512,5.449,5.331,244563.16,263456.21,213026.37
2015-12-30,5.58,5.61,5.57,5.46,215376.08,-0.05,-0.89,5.516,5.443,5.333,297251.26,271263.41,213931.19
2015-12-29,5.36,5.65,5.64,5.33,296701.5,0.28,5.22,5.484,5.411,5.33,324789.47,265578.6,226710.22
2015-12-28,5.47,5.63,5.36,5.35,262230.84,-0.14,-2.54,5.432,5.363,5.323,297417.41,246130.49,230772.49
2015-12-25,5.43,5.53,5.5,5.41,217236.52,-0.01,-0.18,5.43,5.342,5.314,278127.88,233252.5,231057.59
2015-12-24,5.53,5.75,5.51,5.48,494711.38,0.1,1.85,5.386,5.294,5.292,282349.26,219475.93,236109.98
2015-12-23,5.38,5.53,5.41,5.36,353067.12,0.03,0.56,5.37,5.247,5.29,245275.55,184017.45,224222.8
2015-12-22,5.38,5.38,5.38,5.31,159841.17,0.03,0.56,5.338,5.221,5.296,206367.74,158843.97,220754.99
2015-12-21,5.28,5.38,5.35,5.25,165783.23,0.07,1.33,5.294,5.199,5.305,194843.56,162650.81,240835.85
2015-12-18,5.39,5.4,5.28,5.24,238343.42,-0.14,-2.58,5.254,5.199,5.302,188377.12,163875.06,250172.5
2015-12-17,5.24,5.49,5.43,5.23,309342.81,0.18,3.43,5.202,5.213,5.3,156602.6,162596.54,249851.6
2015-12-16,5.17,5.26,5.25,5.15,158528.05,0.09,1.74,5.124,5.223,5.287,122759.35,156598.97,242554.43
2015-12-15,5.15,5.25,5.16,5.12,102220.31,0.01,0.19,5.104,5.248,5.281,111320.21,187841.83,245312.92
2015-12-14,5.02,5.16,5.15,4.98,133451.0,0.12,2.39,5.104,5.282,5.277,130458.05,215414.5,252719.79
2015-12-11,5.01,5.07,5.02,5.0,79470.85,-0.02,-0.4,5.144,5.286,5.278,139373.0,228862.68,253528.83
2015-12-10,5.14,5.19,5.04,5.03,140126.55,-0.11,-2.14,5.224,5.29,5.28,168590.47,252744.03,259644.86
2015-12-09,5.16,5.2,5.15,5.11,101332.35,-0.01,-0.19,5.322,5.332,5.285,190438.58,264428.14,263814.54
2015-12-08,5.3,5.35,5.16,5.15,197909.52,-0.19,-3.55,5.392,5.371,5.29,264363.45,282666.01,271408.61
2015-12-07,5.4,5.45,5.35,5.28,178025.73,-0.07,-1.29,5.46,5.41,5.29,300370.94,319020.9,273265.74
2015-12-04,5.49,5.5,5.42,5.35,225558.19,-0.1,-1.81,5.428,5.404,5.28,318352.35,336469.93,276687.59
2015-12-03,5.41,5.55,5.53,5.41,249367.12,0.03,0.55,5.356,5.386,5.266,336897.6,337106.67,280748.69
2015-12-02,5.59,5.77,5.5,5.35,470956.69,0.01,0.18,5.342,5.35,5.242,338417.7,328509.89,284804.0
2015-12-01,5.2,5.68,5.5,5.17,377946.97,0.31,5.97,5.35,5.313,5.22,300968.56,302784.01,274343.61
2015-11-30,5.05,5.22,5.19,4.97,267932.78,0.14,2.77,5.36,5.272,5.186,337670.85,290025.09,263449.81
2015-11-27,5.45,5.46,5.06,4.95,318284.44,-0.39,-7.16,5.38,5.269,5.169,354587.52,278194.99,263936.69
2015-11-26,5.57,5.6,5.46,5.41,256967.61,-0.08,-1.44,5.416,5.27,5.173,337315.74,266545.68,274604.43
2015-11-25,5.51,5.55,5.54,5.4,283711.0,-0.02,-0.36,5.358,5.238,5.171,318602.08,263200.94,267669.5
2015-11-24,5.34,5.7,5.55,5.31,561458.44,0.25,4.72,5.276,5.208,5.14,304599.46,260151.21,271469.9
2015-11-23,5.24,5.4,5.29,5.23,352516.09,0.05,0.95,5.184,5.17,5.109,242379.33,227510.59,260279.71
2015-11-20,5.17,5.25,5.24,5.15,231925.55,0.07,1.35,5.158,5.156,5.082,201802.46,216905.25,257135.28
2015-11-19,5.16,5.19,5.17,5.08,163399.31,0.03,0.58,5.124,5.146,5.062,195775.63,224390.71,265330.25
2015-11-18,5.1,5.25,5.13,5.08,213697.91,0.04,0.79,5.118,5.134,5.046,207799.81,241098.1,278996.7
2015-11-17,5.18,5.27,5.09,5.08,250357.78,-0.07,-1.36,5.14,5.126,5.019,215702.96,245903.2,280769.75
2015-11-16,4.99,5.17,5.16,4.93,149631.75,0.09,1.77,5.156,5.099,4.996,212641.85,236874.52,286096.01
2015-11-13,5.09,5.14,5.07,5.03,201791.39,-0.06,-1.17,5.154,5.068,4.958,232008.04,249678.4,289104.12
2015-11-12,5.24,5.25,5.14,5.08,223520.2,-0.1,-1.91,5.168,5.075,4.925,253005.8,282663.18,291908.7
2015-11-11,5.17,5.25,5.24,5.15,253213.69,0.07,1.35,5.15,5.103,4.904,274396.4,272138.06,303665.29
2015-11-10,5.14,5.2,5.17,5.09,235052.22,0.03,0.58,5.112,5.071,4.869,276103.45,282788.59,313459.64
2015-11-09,5.07,5.19,5.15,5.02,246462.69,0.01,0.2,5.042,5.048,4.837,261107.2,293048.83,317104.16
2015-11-06,5.06,5.15,5.14,5.03,306780.19,0.09,1.78,4.982,5.008,4.792,267348.76,297365.3,313218.37
2015-11-05,5.03,5.12,5.05,4.99,330473.22,0.01,0.2,4.982,4.978,4.757,312320.56,306269.79,309456.96
2015-11-04,4.85,5.05,5.05,4.83,261748.91,0.23,4.77,5.056,4.958,4.726,269879.72,316895.29,305030.35
2015-11-03,4.84,4.9,4.82,4.74,160070.97,-0.02,-0.41,5.03,4.912,4.692,289473.74,315636.29,307448.79
2015-11-02,4.95,5.04,4.85,4.83,277670.5,-0.28,-5.46,5.054,4.893,4.672,324990.46,335317.49,323682.03
2015-10-30,5.41,5.41,5.14,5.11,531639.19,-0.28,-5.17,5.034,4.848,4.648,327381.84,328529.85,325426.61
2015-10-29,5.42,5.42,5.42,5.42,118269.03,0.49,9.94,4.974,4.775,4.591,300219.01,301154.22,311343.6
2015-10-16,4.95,4.98,4.92,4.85,359719.0,-0.02,-0.41,4.86,4.704,4.53,363910.86,335192.52,317076.05
2015-10-15,4.7,4.95,4.94,4.69,337654.56,0.2,4.22,4.794,4.667,4.516,341798.85,344130.68,307659.14
2015-10-14,4.87,4.9,4.75,4.73,289627.44,-0.08,-1.66,4.732,4.626,4.496,345644.53,341159.49,302922.88
2015-10-13,4.78,4.85,4.84,4.73,395825.03,-0.01,-0.21,4.662,4.576,4.498,329677.85,329071.43,306115.24
2015-10-12,4.59,4.91,4.85,4.59,436728.28,0.26,5.66,4.576,4.535,4.479,302089.43,312644.13,293518.89
2015-10-09,4.57,4.65,4.59,4.5,249158.94,-0.04,-0.86,4.548,4.494,4.449,306474.18,293165.41,279277.85
2015-10-08,4.53,4.64,4.63,4.43,356882.97,0.23,5.23,4.54,4.471,4.425,346462.51,299261.28,276644.6
2015-09-30,4.55,4.65,4.4,4.36,209794.02,-0.01,-0.23,4.52,4.45,4.409,336674.45,312046.56,268493.39
2015-09-29,4.63,4.66,4.41,4.38,257882.94,-0.31,-6.57,4.49,4.447,4.422,328465.01,322323.37,271240.97
2015-09-28,4.52,4.83,4.71,4.48,458652.03,0.15,3.29,4.494,4.407,4.443,323198.82,321532.99,273507.4
2015-09-25,4.48,4.66,4.55,4.33,449100.59,0.02,0.44,4.44,4.355,4.43,279856.63,298959.58,262215.54
2015-09-24,4.27,4.59,4.53,4.27,307942.66,0.28,6.59,4.402,4.365,4.414,252060.06,271187.61,253507.13
2015-09-23,4.35,4.38,4.25,4.22,168746.84,-0.18,-4.06,4.38,4.366,4.405,287418.67,264686.27,248856.94
2015-09-22,4.41,4.5,4.43,4.37,231552.0,-0.02,-0.45,4.404,4.419,4.434,316181.72,283159.06,252109.99
2015-09-21,4.3,4.52,4.44,4.23,241941.06,0.08,1.83,4.32,4.423,4.482,319867.15,274393.65,252146.06
2015-09-18,4.36,4.43,4.36,4.2,310117.72,-0.05,-1.13,4.27,4.403,4.545,318062.52,265390.29,254252.01
2015-09-17,4.4,4.62,4.42,4.26,484735.75,0.04,0.91,4.328,4.379,4.621,290315.16,254027.91,257521.7
2015-09-16,4.0,4.41,4.37,3.98,312562.06,0.36,8.98,4.352,4.367,4.683,241953.87,224940.22,257949.5
2015-09-15,3.83,4.19,4.01,3.78,249979.14,-0.18,-4.3,4.434,4.396,4.778,250136.39,220158.57,266920.7
2015-09-14,4.69,4.7,4.19,4.19,232917.95,-0.46,-9.89,4.526,4.479,4.889,228920.15,225481.81,286618.26
2015-09-11,4.57,4.65,4.65,4.5,171380.91,0.11,2.42,4.536,4.504,4.99,212718.06,225471.51,302480.51
2015-09-10,4.66,4.75,4.54,4.53,242929.31,-0.23,-4.82,4.43,4.463,5.051,217740.66,235826.65,309521.4
2015-09-09,4.48,4.85,4.78,4.4,353474.66,0.31,6.93,4.382,4.444,5.126,207926.56,233027.61,323127.65
2015-09-08,4.26,4.48,4.47,4.18,143897.94,0.23,5.42,4.358,4.449,5.192,190180.74,221060.92,330461.38
2015-09-07,4.2,4.35,4.24,4.2,151907.47,0.12,2.91,4.432,4.541,5.259,222043.46,229898.47,337775.98
2015-09-02,4.12,4.41,4.12,4.02,196493.91,-0.19,-4.41,4.472,4.687,5.334,238224.96,243113.72,344360.29
2015-09-01,4.65,4.65,4.3,4.27,193858.84,-0.38,-8.12,4.496,4.862,5.424,253912.64,261015.49,362611.44
2015-08-31,4.8,4.8,4.66,4.59,264745.53,-0.18,-3.72,4.506,4.998,5.498,258128.66,290958.77,369528.81
2015-08-28,4.5,4.85,4.84,4.45,303211.56,0.4,9.01,4.54,5.16,5.528,251941.1,313682.83,368893.65
2015-08-27,4.35,4.45,4.44,4.09,232814.95,0.2,4.72,4.65,5.298,5.564,237753.48,347754.72,372350.6
2015-08-26,4.4,4.6,4.24,4.11,274932.34,-0.11,-2.53,4.902,5.476,5.626,248002.49,379489.51,380102.58
2015-08-25,4.36,4.62,4.35,4.35,214938.94,-0.48,-9.94,5.228,5.639,5.708,268118.33,383216.16,386289.07
2015-08-24,5.16,5.2,4.83,4.83,233807.7,-0.54,-10.06,5.49,5.808,5.793,323788.88,413227.68,396998.45
2015-08-21,5.6,5.72,5.39,5.27,232273.47,-0.32,-5.6,5.78,5.935,5.857,375424.56,439861.84,407877.83
2015-08-20,5.8,6.0,5.7,5.69,284060.0,-0.16,-2.73,5.946,5.977,5.89,457755.96,445653.48,420421.0
2015-08-19,5.41,5.9,5.87,5.27,375511.53,0.21,3.71,6.05,5.98,5.905,510976.53,445606.86,430910.31
2015-08-18,6.3,6.34,5.66,5.66,493291.72,-0.63,-10.02,6.05,5.985,5.908,498313.99,464207.4,435526.87
2015-08-17,6.08,6.3,6.28,5.97,491986.09,0.06,0.96,6.126,5.997,5.93,502666.48,448098.85,430275.52
2015-08-14,6.29,6.46,6.22,6.17,643930.44,-0.01,-0.16,6.09,5.895,5.895,504299.13,424104.47,424104.47
2015-08-13,5.83,6.25,6.22,5.81,550162.88,0.34,5.78,6.008,5.859,5.859,433551.01,399679.36,399679.36
2015-08-12,5.96,6.04,5.87,5.87,312198.81,-0.17,-2.81,5.91,5.814,5.814,380237.19,380868.92,380868.92
2015-08-11,6.1,6.16,6.04,5.94,515054.19,-0.05,-0.82,5.92,5.806,5.806,430100.81,390678.94,390678.94
2015-08-10,5.89,6.15,6.1,5.82,500149.31,0.29,4.99,5.868,5.767,5.767,393531.21,369949.73,369949.73
2015-08-07,5.75,5.89,5.81,5.75,290189.84,0.08,1.4,5.7,5.7,5.7,343909.81,343909.81,343909.81
2015-08-06,5.78,5.92,5.73,5.63,283593.81,-0.19,-3.21,5.673,5.673,5.673,357339.8,357339.8,357339.8
2015-08-05,5.83,6.12,5.92,5.79,561516.88,0.15,2.6,5.653,5.653,5.653,381921.8,381921.8,381921.8
2015-08-04,5.25,5.79,5.78,5.23,332206.22,0.52,9.89,5.52,5.52,5.52,292124.26,292124.26,292124.26
2015-08-03,5.51,5.54,5.26,5.06,252042.3,-0.29,-5.22,5.26,5.26,5.26,252042.3,252042.3,252042.3
