date,open,high,close,low,volume,price_change,p_change,ma5,ma10,ma20,v_ma5,v_ma10,v_ma20,turnover
2018-03-29,10.58,10.65,10.62,10.4,17076.82,0.09,0.85,10.512,10.792,10.724,22123.19,29460.33,41188.54,0.47
2018-03-28,10.59,10.64,10.53,10.5,14951.66,-0.11,-1.03,10.578,10.859,10.713,32117.68,33089.0,41763.72,0.41
2018-03-27,10.56,10.69,10.64,10.51,20483.08,0.2,1.92,10.7,10.912,10.701,34643.71,37953.55,42838.97,0.56
2018-03-26,10.13,10.5,10.44,10.13,20358.88,0.11,1.06,10.77,10.948,10.672,36231.29,43973.79,44510.81,0.55
2018-03-23,10.5,10.84,10.33,10.12,37745.53,-0.62,-5.66,10.898,10.973,10.67,38886.35,46838.47,44894.77,1.03
2018-03-22,11.35,11.36,10.95,10.79,67049.25,-0.19,-1.71,11.072,10.99,10.67,36797.46,50171.72,43521.35,1.83
2018-03-21,11.09,11.23,11.14,10.99,27581.79,0.15,1.36,11.14,10.919,10.639,34060.32,47354.95,41789.33,0.75
2018-03-20,11.08,11.12,10.99,10.82,28420.98,-0.09,-0.81,11.124,10.832,10.604,41263.39,47083.56,40984.5,0.77
2018-03-19,11.45,11.48,11.08,11.0,33634.19,-0.12,-1.07,11.126,10.776,10.561,51716.29,47197.16,40532.85,0.92
2018-03-16,11.2,11.35,11.2,11.08,27301.09,-0.09,-0.8,11.048,10.704,10.515,54790.58,49879.34,39433.69,0.74
2018-03-15,10.99,11.38,11.29,10.99,53363.53,0.23,2.08,10.908,10.655,10.453,63545.98,52916.76,38901.04,1.45
2018-03-14,10.95,11.39,11.06,10.94,63597.16,0.06,0.55,10.698,10.566,10.39,60649.58,50438.44,37436.97,1.73
2018-03-13,10.66,11.3,11.0,10.6,80685.47,0.31,2.9,10.54,10.49,10.335,52903.74,47724.4,36379.82,2.2
2018-03-12,10.53,10.73,10.69,10.45,49005.67,0.19,1.81,10.426,10.396,10.288,42678.03,45047.84,33815.49,1.34
2018-03-09,10.24,10.59,10.5,10.08,71078.07,0.26,2.54,10.36,10.367,10.3,44968.11,42951.08,32268.89,1.94
2018-03-08,10.22,10.36,10.24,10.14,38881.55,-0.03,-0.29,10.402,10.349,10.333,42287.53,36870.99,29439.12,1.06
2018-03-07,10.4,10.44,10.27,10.18,24867.93,-0.16,-1.53,10.434,10.358,10.391,40227.29,36223.71,28439.37,0.68
2018-03-06,10.38,10.47,10.43,10.28,29556.92,0.07,0.68,10.44,10.375,10.467,42545.05,34885.44,28393.12,0.81
2018-03-05,10.76,10.97,10.36,10.26,60456.06,-0.35,-3.27,10.366,10.345,10.546,47417.66,33868.55,27472.93,1.65
2018-03-02,10.36,10.8,10.71,10.35,57675.2,0.31,2.98,10.374,10.325,10.623,40934.05,28988.04,25484.62,1.57
2018-03-01,10.2,10.42,10.4,10.2,28580.34,0.1,0.97,10.296,10.251,10.685,31454.44,24885.33,23909.56,0.78
2018-02-28,10.0,10.39,10.3,9.95,36456.74,0.24,2.39,10.282,10.213,10.768,32220.13,24435.5,23421.62,0.99
2018-02-27,10.39,10.42,10.06,10.0,53919.95,-0.34,-3.27,10.31,10.18,10.855,27225.83,25035.25,22148.98,1.47
2018-02-26,10.36,10.48,10.4,10.25,28038.0,0.08,0.78,10.324,10.18,10.954,20319.44,22583.13,19985.85,0.76
2018-02-23,10.32,10.36,10.32,10.24,10277.19,-0.01,-0.1,10.276,10.233,11.037,17042.03,21586.7,19313.05,0.28
2018-02-22,10.51,10.51,10.33,10.24,32408.76,-0.11,-1.05,10.206,10.316,11.115,18316.21,22007.26,19379.37,0.88
2018-02-14,10.13,10.47,10.44,10.13,11485.24,0.31,3.06,10.144,10.423,11.197,16650.87,20655.04,18255.99,0.31
2018-02-13,10.19,10.45,10.13,10.1,19388.0,-0.03,-0.29,10.05,10.559,11.279,22844.67,21900.8,18566.98,0.53
2018-02-12,10.0,10.28,10.16,10.0,11650.94,0.19,1.91,10.036,10.747,11.368,24846.82,21077.3,18610.5,0.32
2018-02-09,9.87,10.11,9.97,9.8,16648.12,-0.05,-0.5,10.19,10.921,11.451,26131.38,21981.21,20289.7,0.45
2018-02-08,9.93,10.06,10.02,9.82,24082.05,0.05,0.5,10.426,11.119,11.586,25698.31,22933.79,20567.58,0.66
2018-02-07,10.28,10.44,9.97,9.78,42454.24,-0.09,-0.9,10.702,11.322,11.712,24659.21,22407.74,20904.17,1.16
2018-02-06,10.78,10.87,10.06,10.05,29398.76,-0.87,-7.96,11.068,11.53,11.851,20956.94,19262.71,20325.65,0.8
2018-02-05,11.19,11.24,10.93,10.88,18073.73,-0.22,-1.97,11.458,11.727,11.991,17307.79,17388.56,22059.73,0.49
2018-02-02,11.0,11.39,11.15,11.0,14482.75,-0.25,-2.19,11.652,11.841,12.109,17831.04,17039.39,22677.73,0.39
2018-02-01,11.93,11.93,11.4,11.4,18886.57,-0.4,-3.39,11.812,11.913,12.213,20169.27,16751.49,23361.99,0.51
2018-01-31,12.1,12.1,11.8,11.77,23942.88,-0.21,-1.75,11.942,11.971,12.31,20156.26,15856.95,24393.94,0.65
2018-01-30,11.89,12.03,12.01,11.89,11153.0,0.11,0.92,11.992,11.999,12.388,17568.49,15233.16,26592.96,0.3
2018-01-29,11.8,12.02,11.9,11.8,20690.02,-0.05,-0.42,11.996,11.988,12.457,17469.34,16143.7,30003.45,0.56
2018-01-26,12.04,12.04,11.95,11.82,26173.88,-0.1,-0.83,12.03,11.98,12.489,16247.74,18598.19,30461.1,0.71
2018-01-25,12.06,12.08,12.05,11.9,18821.54,0.0,0.0,12.014,12.052,12.533,13333.7,18201.37,31299.69,0.51
2018-01-24,11.97,12.1,12.05,11.91,11004.01,0.02,0.17,12.0,12.102,12.571,11557.63,19400.61,33439.23,0.3
2018-01-23,12.02,12.2,12.03,12.0,10657.24,-0.04,-0.33,12.006,12.171,12.599,12897.82,21388.59,34748.23,0.29
2018-01-22,11.81,12.11,12.07,11.81,14582.05,0.2,1.69,11.98,12.255,12.626,14818.07,26730.9,36109.16,0.4
2018-01-19,12.1,12.1,11.87,11.85,11603.68,-0.11,-0.92,11.93,12.377,12.651,20948.63,28316.06,36686.59,0.32
2018-01-18,12.15,12.15,11.98,11.84,9941.18,-0.1,-0.83,12.09,12.512,12.681,23069.04,29972.5,37377.24,0.27
2018-01-17,11.8,12.2,12.08,11.75,17704.96,0.18,1.51,12.204,12.649,12.703,27243.58,32930.94,38213.38,0.48
2018-01-16,11.81,11.95,11.9,11.72,20258.46,0.08,0.68,12.336,12.777,12.727,29879.35,37952.75,40156.38,0.56
2018-01-15,12.66,12.67,11.82,11.74,45234.89,-0.85,-6.71,12.53,12.925,12.748,38643.72,43863.2,41466.67,1.24
2018-01-12,12.62,12.7,12.67,12.52,22205.72,0.12,0.96,12.824,12.998,12.754,35683.49,42324.01,40243.36,0.61
2018-01-11,12.74,12.86,12.55,12.52,30813.87,-0.19,-1.49,12.934,13.013,12.726,36875.95,44398.0,40940.23,0.85
2018-01-10,12.86,12.87,12.74,12.61,30883.83,-0.13,-1.01,13.094,13.039,12.685,38618.3,47477.85,40615.66,0.85
2018-01-09,13.21,13.34,12.87,12.8,64080.31,-0.42,-3.16,13.218,13.027,12.645,46026.16,48107.87,40505.36,1.76
2018-01-08,13.22,13.3,13.29,13.04,30433.72,0.07,0.53,13.32,12.996,12.616,49082.67,45487.43,38850.93,0.83
2018-01-05,13.35,13.47,13.22,13.21,28168.04,-0.13,-0.97,13.172,12.924,12.544,48964.53,45057.13,37882.84,0.77
2018-01-04,13.36,13.45,13.35,13.21,39525.6,-0.01,-0.07,13.092,12.849,12.473,51920.04,44781.98,36911.84,1.08
2018-01-03,13.31,13.48,13.36,13.15,67923.11,-0.02,-0.15,12.984,12.757,12.4,56337.4,43495.83,35461.69,1.86
2018-01-02,12.6,13.39,13.38,12.48,79362.88,0.83,6.61,12.836,12.676,12.322,50189.57,42360.01,33428.68,2.18
2017-12-29,12.79,12.8,12.55,12.35,29843.0,-0.27,-2.11,12.672,12.571,12.262,41892.18,39070.14,30502.72,0.82
2017-12-28,12.68,13.08,12.82,12.57,42945.63,0.01,0.08,12.676,12.51,12.247,41149.73,38162.72,30070.86,1.18
2017-12-27,12.56,12.9,12.81,12.42,61612.4,0.19,1.51,12.606,12.438,12.218,37643.91,37482.46,29037.54,1.69
2017-12-26,12.54,12.72,12.62,12.32,37183.96,0.06,0.48,12.53,12.33,12.197,30654.25,33753.47,28238.35,1.02
2017-12-25,12.54,12.67,12.56,12.3,37875.93,-0.01,-0.08,12.516,12.263,12.142,34530.44,32902.86,26922.15,1.04
2017-12-22,12.35,12.6,12.57,12.2,26130.71,0.1,0.8,12.47,12.236,12.086,36248.09,32214.42,25406.6,0.72
2017-12-21,12.41,12.5,12.47,12.15,25416.57,0.04,0.32,12.344,12.163,12.038,35175.71,30708.54,24911.92,0.7
2017-12-20,12.42,12.54,12.43,12.38,26664.06,-0.12,-0.96,12.27,12.096,12.011,37321.0,29041.71,24757.4,0.73
2017-12-19,12.34,12.66,12.55,12.2,56564.91,0.22,1.78,12.13,12.042,12.008,36852.68,27427.55,24609.3,1.55
2017-12-18,11.87,12.39,12.33,11.85,46464.2,0.39,3.27,12.01,11.967,12.015,31275.28,24497.36,24241.14,1.28
2017-12-15,12.05,12.14,11.94,11.84,20768.8,-0.16,-1.32,12.002,11.952,12.028,28180.76,21935.31,23809.23,0.57
2017-12-14,11.79,12.19,12.1,11.68,36143.01,0.37,3.15,11.982,11.984,12.05,26241.38,21978.99,24414.27,0.99
2017-12-13,11.83,11.93,11.73,11.62,24322.5,-0.22,-1.84,11.922,11.998,12.062,20762.42,20592.63,23845.0,0.67
2017-12-12,12.26,12.36,11.95,11.87,28677.9,-0.34,-2.77,11.954,12.064,12.086,18002.41,22723.24,23588.93,0.79
2017-12-11,11.85,12.4,12.29,11.78,30991.58,0.45,3.8,11.924,12.021,12.114,17719.44,20941.44,24797.81,0.85
2017-12-08,11.75,11.99,11.84,11.7,11071.91,0.04,0.34,11.902,11.936,12.113,15689.86,18598.78,25360.66,0.3
2017-12-07,11.88,12.03,11.8,11.73,8748.19,-0.09,-0.76,11.986,11.912,12.119,17716.61,19115.29,26013.65,0.24
2017-12-06,11.79,11.97,11.89,11.65,10522.45,0.09,0.76,12.074,11.926,12.118,20422.84,20473.09,26273.68,0.29
2017-12-05,12.03,12.23,11.8,11.6,27263.05,-0.38,-3.12,12.174,11.973,12.111,27444.07,21791.06,26931.68,0.75
2017-12-04,12.27,12.46,12.18,12.12,20843.71,-0.08,-0.65,12.118,12.063,12.1,24163.45,23984.91,26555.02,0.57
2017-12-01,12.2,12.38,12.26,12.11,21205.63,0.02,0.16,11.97,12.103,12.064,21507.7,25683.16,26659.44,0.58
2017-11-30,12.37,12.45,12.24,12.17,22279.37,-0.15,-1.21,11.838,12.115,12.029,20513.97,26849.55,27353.5,0.61
2017-11-29,11.56,12.67,12.39,11.51,45628.6,0.87,7.55,11.778,12.126,11.981,20523.33,27097.37,28855.62,1.25
2017-11-28,11.51,11.66,11.52,11.44,10859.92,0.08,0.7,11.772,12.108,11.949,16138.04,24454.63,28477.76,0.3
2017-11-27,11.6,11.68,11.44,11.44,7565.0,-0.16,-1.38,12.008,12.206,11.973,23806.38,28654.18,29360.96,0.21
2017-11-24,11.8,11.8,11.6,11.6,16236.98,-0.34,-2.85,12.236,12.289,12.004,29858.62,32122.54,31005.1,0.45
2017-11-23,12.4,12.47,11.94,11.94,22326.14,-0.42,-3.4,12.392,12.326,12.012,33185.12,32912.02,30918.5,0.61
2017-11-22,12.7,12.7,12.36,12.23,23702.16,-0.34,-2.68,12.474,12.31,12.012,33671.41,32074.27,31361.75,0.65
2017-11-21,12.51,12.74,12.7,12.45,49201.64,0.12,0.95,12.444,12.249,11.978,32771.22,32072.31,31232.73,1.35
2017-11-20,12.28,12.7,12.58,12.13,37826.16,0.2,1.62,12.404,12.136,11.931,33501.98,29125.12,29671.89,1.04
2017-11-17,12.34,12.52,12.38,12.0,32869.48,0.03,0.24,12.342,12.024,11.901,34386.47,27635.72,28353.49,0.9
2017-11-16,12.19,12.44,12.35,12.02,24757.62,0.14,1.15,12.26,11.943,11.882,32638.91,27857.46,27206.96,0.68
2017-11-15,12.45,12.47,12.21,12.19,19201.18,-0.29,-2.32,12.146,11.835,11.863,30477.12,30613.86,26656.73,0.53
2017-11-14,12.27,12.56,12.5,11.99,52855.45,0.23,1.87,12.054,11.79,11.857,31373.41,32500.89,26408.8,1.45
2017-11-13,11.96,12.28,12.27,11.91,42248.63,0.3,2.51,11.868,11.739,11.844,24748.27,30067.75,24647.39,1.16
2017-11-10,11.72,12.03,11.97,11.71,24131.69,0.19,1.61,11.706,11.718,11.841,20884.98,29887.66,23287.71,0.66
2017-11-09,11.72,11.8,11.78,11.65,13948.64,0.03,0.26,11.626,11.697,11.86,23076.01,28924.98,22794.76,0.38
2017-11-08,11.57,11.79,11.75,11.46,23682.62,0.18,1.56,11.524,11.714,11.887,30750.6,30649.23,22872.74,0.65
2017-11-07,11.49,11.58,11.57,11.37,19729.76,0.11,0.96,11.526,11.706,11.927,33628.38,30393.15,22713.69,0.54
2017-11-06,11.45,11.53,11.46,11.3,22932.17,-0.11,-0.95,11.61,11.725,11.975,35387.23,30218.65,22470.75,0.63
2017-11-03,11.28,11.59,11.57,11.23,35086.85,0.3,2.66,11.73,11.778,12.024,38890.33,29071.25,22760.61,0.97
2017-11-02,11.73,11.75,11.27,11.2,52321.61,-0.49,-4.17,11.768,11.821,12.064,34773.95,26556.46,22166.92,1.44
2017-11-01,12.05,12.05,11.76,11.62,38071.52,-0.23,-1.92,11.904,11.89,12.098,30547.87,22699.6,20670.05,1.05
2017-10-31,12.01,12.19,11.99,11.87,28523.98,-0.07,-0.58,11.886,11.923,12.123,27157.92,20316.71,19547.99,0.79
2017-10-30,11.7,12.19,12.06,11.53,40447.71,0.3,2.55,11.84,11.949,12.127,25050.08,19227.04,18750.53,1.11
2017-10-27,11.95,11.95,11.76,11.73,14504.92,-0.19,-1.59,11.826,11.964,12.133,19252.16,16687.76,17311.63,0.4
2017-10-26,11.7,11.98,11.95,11.6,31191.2,0.28,2.4,11.874,12.022,12.157,18338.98,16664.55,17233.91,0.86
2017-10-25,11.84,11.85,11.67,11.6,21121.8,-0.09,-0.77,11.876,12.059,12.179,14851.34,15096.25,16466.0,0.58
2017-10-24,12.0,12.06,11.76,11.7,17984.76,-0.23,-1.92,11.96,12.148,12.223,13475.51,15034.23,16601.42,0.5
2017-10-23,12.05,12.11,11.99,11.95,11458.13,-0.01,-0.08,12.058,12.225,12.261,13403.99,14722.85,16799.15,0.32
2017-10-20,11.92,12.07,12.0,11.88,9939.0,0.04,0.33,12.102,12.27,12.291,14123.35,16449.98,17902.79,0.27
2017-10-19,12.0,12.1,11.96,11.94,13753.0,-0.13,-1.07,12.17,12.306,12.308,14990.12,17777.37,18396.57,0.38
2017-10-18,12.25,12.31,12.09,12.0,14242.64,-0.16,-1.31,12.242,12.306,12.324,15341.15,18640.5,19245.12,0.39
2017-10-17,12.17,12.25,12.25,12.0,17627.2,0.04,0.33,12.336,12.323,12.332,16592.95,18779.27,20522.31,0.49
2017-10-16,12.34,12.35,12.21,12.17,15054.9,-0.13,-1.05,12.392,12.305,12.345,16041.71,18274.02,23681.96,0.41
2017-10-13,12.33,12.43,12.34,12.3,14272.88,0.02,0.16,12.438,12.302,12.382,18776.61,17935.5,27594.44,0.39
2017-10-12,12.54,12.55,12.32,12.27,15508.15,-0.24,-1.91,12.442,12.291,12.387,20564.62,17803.26,27713.99,0.43
2017-10-11,12.53,12.57,12.56,12.37,20501.62,0.03,0.24,12.37,12.299,12.388,21939.85,17835.76,28143.15,0.56
2017-10-10,12.49,12.55,12.53,12.41,14871.0,0.09,0.72,12.31,12.297,12.386,20965.6,18168.61,28598.16,0.41
2017-10-09,12.36,12.57,12.44,12.3,28729.41,0.08,0.65,12.218,12.297,12.379,20506.33,18875.46,28821.85,0.79
2017-09-29,12.0,12.38,12.36,12.0,23212.92,0.4,3.34,12.166,12.311,12.376,17094.39,19355.6,28499.9,0.64
2017-09-28,12.26,12.32,11.96,11.96,22384.32,-0.3,-2.45,12.14,12.31,12.369,15041.9,19015.76,28383.49,0.62
2017-09-27,12.09,12.29,12.26,11.98,15630.34,0.19,1.57,12.228,12.342,12.387,13731.66,19849.73,28544.68,0.43
2017-09-26,12.18,12.2,12.07,12.0,12574.68,-0.11,-0.9,12.284,12.341,12.383,15371.61,22265.35,29244.35,0.35
2017-09-25,12.24,12.36,12.18,12.13,11669.68,-0.05,-0.41,12.376,12.384,12.401,17244.58,29089.89,29630.99,0.32
2017-09-22,12.4,12.43,12.23,12.12,12950.48,-0.17,-1.37,12.456,12.461,12.419,21616.8,37253.39,30072.9,0.36
2017-09-21,12.53,12.65,12.4,12.37,15833.11,-0.14,-1.12,12.48,12.482,12.434,22989.63,37624.72,30137.02,0.44
2017-09-20,12.43,12.6,12.54,12.31,23830.11,0.01,0.08,12.456,12.477,12.441,25967.81,38450.54,30155.23,0.66
2017-09-19,12.64,12.67,12.53,12.4,21939.51,-0.05,-0.4,12.398,12.474,12.446,29159.08,39027.71,30226.42,0.6
2017-09-18,12.31,12.66,12.58,12.21,33530.8,0.23,1.86,12.392,12.46,12.451,40935.2,38768.24,30704.23,0.92
2017-09-15,12.18,12.48,12.35,12.16,19814.61,0.07,0.57,12.466,12.441,12.462,52889.98,37644.21,31153.7,0.55
2017-09-14,12.27,12.32,12.28,12.14,30724.0,0.03,0.24,12.484,12.427,12.467,52259.81,37751.22,31155.42,0.85
2017-09-13,12.48,12.48,12.25,12.0,39786.48,-0.25,-2.0,12.498,12.432,12.477,50933.28,37239.62,30751.23,1.1
2017-09-12,12.92,13.08,12.5,12.45,80820.12,-0.45,-3.48,12.55,12.424,12.489,48896.34,36223.35,30420.79,2.22
2017-09-11,12.59,13.13,12.95,12.43,93304.67,0.51,4.1,12.528,12.418,12.474,36601.29,30172.1,27150.77,2.57
2017-09-08,12.31,12.45,12.44,12.24,16663.8,0.09,0.73,12.416,12.376,12.438,22398.44,22892.4,24146.82,0.46
2017-09-07,12.59,12.59,12.35,12.35,24091.31,-0.16,-1.28,12.37,12.386,12.425,23242.62,22649.31,24528.33,0.66
2017-09-06,12.42,12.63,12.51,12.25,29601.78,0.12,0.97,12.366,12.404,12.427,23545.97,21859.92,25443.14,0.81
2017-09-05,12.46,12.57,12.39,12.36,19344.88,0.0,0.0,12.298,12.418,12.427,23550.36,21425.14,27023.15,0.53
2017-09-04,12.19,12.41,12.39,12.15,22290.44,0.18,1.47,12.308,12.442,12.422,23742.91,22640.21,29554.56,0.61
2017-09-01,12.33,12.38,12.21,12.12,20884.7,-0.12,-0.97,12.336,12.483,12.389,23386.37,24663.2,29929.13,0.57
2017-08-31,12.2,12.37,12.33,12.11,25608.06,0.16,1.31,12.402,12.506,12.359,22056.01,24559.62,29525.1,0.7
2017-08-30,12.34,12.44,12.17,12.11,29623.7,-0.27,-2.17,12.442,12.522,12.324,20173.87,24262.83,29070.64,0.82
2017-08-29,12.56,12.66,12.44,12.35,20307.65,-0.09,-0.72,12.538,12.553,12.284,19299.92,24618.23,28071.65,0.56
2017-08-28,12.54,12.67,12.53,12.48,20507.72,-0.01,-0.08,12.576,12.529,12.232,21537.51,24129.43,27788.78,0.56
2017-08-25,12.52,12.7,12.54,12.5,14232.9,0.01,0.08,12.63,12.5,12.181,25940.03,25401.24,27581.27,0.39
2017-08-24,12.6,12.62,12.53,12.47,16197.36,-0.12,-0.95,12.61,12.463,12.138,27063.24,26407.35,28140.22,0.45
2017-08-23,12.59,12.82,12.65,12.43,25253.96,0.02,0.16,12.602,12.449,12.099,28351.8,29026.36,29444.73,0.7
2017-08-22,12.87,12.9,12.63,12.57,31495.63,-0.17,-1.33,12.568,12.435,12.02,29936.55,32621.15,28641.56,0.87
2017-08-21,12.4,12.98,12.8,12.4,42520.31,0.36,2.89,12.482,12.402,11.943,26721.35,36468.92,27542.29,1.17
2017-08-18,12.4,12.68,12.44,12.31,19848.95,-0.05,-0.4,12.37,12.295,11.865,24862.45,35195.05,25933.18,0.55
2017-08-17,12.46,12.75,12.49,12.41,22640.13,0.01,0.08,12.316,12.211,11.797,25751.46,34490.58,25244.76,0.62
2017-08-16,12.16,12.52,12.48,12.16,33177.71,0.28,2.29,12.296,12.126,11.728,29700.92,33878.45,24736.26,0.91
2017-08-15,12.24,12.26,12.2,12.15,15419.64,-0.04,-0.33,12.302,12.015,11.652,35305.76,31525.07,23511.0,0.42
2017-08-14,11.99,12.38,12.24,11.9,33225.83,0.07,0.57,12.322,11.934,11.59,46216.48,31448.12,23352.35,0.91
2017-08-11,12.31,12.38,12.17,12.14,24294.0,-0.22,-1.78,12.22,11.862,11.522,45527.65,29761.29,22619.53,0.67
2017-08-10,12.51,12.6,12.39,12.16,42387.41,-0.12,-0.96,12.106,11.813,11.485,43229.7,29873.09,21883.91,1.17
2017-08-09,12.15,12.7,12.51,12.03,61201.93,0.21,1.71,11.956,11.748,11.437,38055.99,29863.09,21010.94,1.68
2017-08-08,11.73,12.5,12.3,11.73,69973.25,0.57,4.86,11.728,11.604,11.396,27744.38,24661.96,18486.82,1.93
2017-08-07,11.61,11.96,11.73,11.61,29781.68,0.13,1.12,11.546,11.484,11.371,16679.77,18615.67,15510.39,0.82
2017-08-04,11.64,11.69,11.6,11.43,12804.21,-0.04,-0.34,11.504,11.434,11.377,13994.93,16671.31,14464.73,0.35
2017-08-03,11.35,11.69,11.64,11.29,16518.86,0.27,2.38,11.52,11.382,11.389,16516.47,15998.95,14471.99,0.45
2017-08-02,11.39,11.55,11.37,11.33,9643.92,-0.02,-0.18,11.54,11.329,11.401,21670.2,15594.07,14225.85,0.27
2017-08-01,11.52,11.6,11.39,11.34,14650.16,-0.13,-1.13,11.48,11.288,11.429,21579.54,15496.93,14301.13,0.4
2017-07-31,11.59,11.62,11.52,11.42,16357.48,-0.16,-1.37,11.422,11.245,11.454,20551.57,15256.58,14080.96,0.45
2017-07-28,11.65,11.87,11.68,11.57,25411.95,-0.06,-0.51,11.364,11.182,11.475,19347.7,15477.77,13845.98,0.7
2017-07-27,11.07,12.18,11.74,11.0,42287.5,0.67,6.05,11.244,11.157,11.485,15481.42,13894.73,12947.61,1.16
2017-07-26,11.17,11.2,11.07,11.03,9190.63,-0.03,-0.27,11.118,11.125,11.492,9517.94,12158.78,11197.12,0.25
2017-07-25,11.25,11.39,11.1,11.08,9510.3,-0.13,-1.16,11.096,11.187,11.535,9414.32,12311.68,11157.56,0.26
2017-07-24,10.98,11.24,11.23,10.92,10338.14,0.15,1.35,11.068,11.258,11.578,9961.58,12405.11,11388.28,0.28
2017-07-21,11.07,11.15,11.08,11.05,6080.52,-0.03,-0.27,11.0,11.32,11.614,11607.83,12258.14,11412.88,0.17
2017-07-20,10.96,11.23,11.11,10.9,12470.12,0.15,1.37,11.07,11.395,11.653,12308.05,12945.04,11775.74,0.34
2017-07-19,10.89,11.01,10.96,10.82,8672.5,0.0,0.0,11.132,11.472,11.691,14799.62,12857.62,11745.76,0.24
2017-07-18,10.89,11.01,10.96,10.75,12246.63,0.07,0.64,11.278,11.569,11.744,15209.05,13105.34,11857.11,0.34
2017-07-17,11.42,11.42,10.89,10.89,18569.38,-0.54,-4.72,11.448,11.663,11.797,14848.63,12905.35,12055.81,0.51
2017-07-14,11.36,11.55,11.43,11.36,9581.62,0.01,0.09,11.64,11.767,11.851,12908.46,12214.19,11711.07,0.26
2017-07-13,11.6,11.66,11.42,11.34,24927.96,-0.27,-2.31,11.72,11.812,11.872,13582.03,12000.48,11688.28,0.69
2017-07-12,11.8,11.89,11.69,11.58,10719.64,-0.12,-1.02,11.812,11.859,11.898,10915.63,10235.46,11317.92,0.3
2017-07-11,11.83,11.92,11.81,11.76,10444.54,-0.04,-0.34,11.86,11.882,11.893,11001.63,10003.44,11187.75,0.29
2017-07-10,11.83,11.86,11.85,11.78,8868.53,0.02,0.17,11.878,11.898,11.887,10962.07,10371.46,11121.09,0.24
2017-07-07,11.91,11.91,11.83,11.8,12949.47,-0.05,-0.42,11.894,11.908,11.877,11519.93,10567.62,11016.47,0.36
2017-07-06,11.93,11.93,11.88,11.81,11595.97,-0.05,-0.42,11.904,11.91,11.876,10418.93,10606.43,10788.22,0.32
2017-07-05,11.9,11.95,11.93,11.81,11149.64,0.03,0.25,11.906,11.91,11.872,9555.3,10633.9,10869.69,0.31
2017-07-04,11.96,11.96,11.9,11.77,10246.76,-0.03,-0.25,11.904,11.919,11.876,9005.25,10608.88,11219.83,0.28
2017-07-03,11.94,11.97,11.93,11.84,11657.8,0.05,0.42,11.918,11.93,11.867,9780.84,11206.28,10950.18,0.32
2017-06-30,11.87,11.92,11.88,11.77,7444.48,-0.01,-0.08,11.922,11.934,11.857,9615.32,11207.95,10611.52,0.2
2017-06-29,11.9,11.95,11.89,11.85,7277.8,-0.03,-0.25,11.916,11.931,11.848,10793.93,11376.09,10841.8,0.2
2017-06-28,11.94,11.99,11.92,11.91,8399.4,-0.05,-0.42,11.914,11.937,11.831,11712.51,12400.38,11023.94,0.23
2017-06-27,11.89,12.05,11.97,11.89,14124.72,0.02,0.17,11.934,11.904,11.807,12212.51,12372.06,11362.21,0.39
2017-06-26,11.85,11.98,11.95,11.8,10830.2,0.1,0.84,11.942,11.875,11.786,12631.71,11870.72,10918.73,0.3
2017-06-23,11.88,11.98,11.85,11.78,13337.54,-0.03,-0.25,11.946,11.846,11.767,12800.58,11465.32,10759.56,0.37
2017-06-22,12.07,12.09,11.88,11.85,11870.68,-0.14,-1.17,11.946,11.841,11.75,11958.24,10970.01,10477.21,0.33
2017-06-21,12.04,12.08,12.02,11.93,10899.42,0.01,0.08,11.96,11.834,11.727,13088.25,11105.48,10455.72,0.3
2017-06-20,11.97,12.16,12.01,11.95,16220.71,0.04,0.33,11.874,11.832,11.714,12531.62,11830.78,10454.28,0.45
2017-06-19,11.82,12.05,11.97,11.82,11674.54,0.12,1.01,11.808,11.804,11.72,11109.72,10694.09,10009.45,0.32
2017-06-16,11.94,11.94,11.85,11.76,9125.84,-0.1,-0.84,11.746,11.779,11.726,10130.06,10015.09,9869.32,0.25
2017-06-15,11.68,11.97,11.95,11.6,17520.76,0.36,3.11,11.736,11.765,11.741,9981.78,10307.51,10103.52,0.48
2017-06-14,11.68,11.73,11.59,11.53,8116.23,-0.09,-0.77,11.708,11.724,11.748,9122.71,9647.49,9809.65,0.22
2017-06-13,11.66,11.8,11.68,11.51,9111.24,0.02,0.17,11.79,11.709,11.764,11129.94,10352.36,9926.04,0.25
2017-06-12,11.78,11.83,11.66,11.62,6776.21,-0.14,-1.19,11.8,11.696,11.777,10278.47,9966.74,10046.08,0.19
2017-06-09,11.81,11.88,11.8,11.71,8384.48,-0.01,-0.09,11.812,11.687,11.794,9900.13,10053.81,10501.46,0.23
2017-06-08,12.0,12.08,11.81,11.76,13225.37,-0.19,-1.58,11.794,11.658,11.817,10633.23,9984.4,10541.37,0.36
2017-06-07,11.78,12.05,12.0,11.68,18152.42,0.27,2.3,11.74,11.619,11.855,10172.28,9805.95,10375.03,0.5
2017-06-06,11.72,11.81,11.73,11.59,4853.85,0.01,0.09,11.628,11.595,11.876,9574.77,9077.78,9933.42,0.13
2017-06-05,11.71,11.92,11.72,11.63,4884.54,0.01,0.09,11.592,11.636,11.915,9655.01,9324.81,10400.17,0.13
2017-06-02,11.41,11.81,11.71,11.4,12049.96,0.17,1.47,11.562,11.672,11.97,10207.49,9723.56,11081.41,0.33
2017-06-01,11.46,11.62,11.54,11.42,10920.64,0.1,0.87,11.522,11.717,12.031,9335.57,9899.53,12007.98,0.3
2017-05-31,11.71,11.88,11.44,11.4,15164.88,-0.11,-0.95,11.498,11.772,12.084,9439.62,9971.81,12163.25,0.42
2017-05-26,11.55,11.67,11.55,11.5,5255.03,-0.02,-0.17,11.562,11.818,12.156,8580.78,9499.73,12486.63,0.14
2017-05-25,11.51,11.64,11.57,11.35,7646.96,0.06,0.52,11.68,11.858,12.179,8994.61,10125.43,13076.54,0.21
2017-05-24,11.38,11.59,11.51,11.34,7690.36,0.09,0.79,11.782,11.901,12.209,9239.62,10949.1,13448.49,0.21
2017-05-23,11.87,11.89,11.42,11.4,11440.87,-0.34,-2.89,11.912,11.976,12.907,10463.48,11098.35,13355.08,0.31
2017-05-22,11.9,12.1,11.76,11.7,10870.67,-0.38,-3.13,12.046,12.09,13.6,10504.0,10944.11,13155.21,0.3
2017-05-19,12.22,12.3,12.14,12.05,7324.19,0.06,0.5,12.074,12.156,14.32,10418.67,10789.07,12880.72,0.2
2017-05-18,12.15,12.28,12.08,12.02,8872.0,-0.08,-0.66,12.036,12.193,15.024,11256.24,11475.54,12993.78,0.24
2017-05-17,12.08,12.36,12.16,12.0,13809.65,0.07,0.58,12.02,12.267,15.696,12658.58,12439.26,12863.47,0.38
2017-05-16,11.8,12.11,12.09,11.74,11643.48,0.19,1.6,12.04,12.345,16.373,11733.21,14116.43,12353.23,0.32
2017-05-15,11.93,12.04,11.9,11.82,10444.04,-0.05,-0.42,12.134,12.395,17.059,11384.21,14354.69,12122.47,0.29
2017-05-12,12.01,12.1,11.95,11.81,11512.04,-0.05,-0.42,12.238,12.493,17.777,11159.46,15473.54,11822.42,0.32
2017-05-11,12.12,12.32,12.0,11.8,15883.69,-0.26,-2.12,12.35,12.499,18.495,11694.83,16027.64,11494.38,0.44
2017-05-10,12.56,12.65,12.26,12.25,9182.82,-0.3,-2.39,12.514,12.516,19.203,12219.95,15947.88,11028.3,0.25
2017-05-09,12.42,12.67,12.56,12.01,9898.47,0.14,1.13,12.65,13.838,19.902,16499.65,15611.81,10987.24,0.27
2017-05-08,12.51,12.73,12.42,12.4,9320.28,-0.09,-0.72,12.656,15.109,20.565,17325.17,15366.32,11755.7,0.26
2017-05-05,12.7,12.78,12.51,12.5,14188.88,-0.31,-2.42,12.748,16.484,21.294,19787.62,14972.37,11837.14,0.39
2017-05-04,12.99,13.1,12.82,12.65,18509.29,-0.12,-0.93,12.648,17.855,22.044,20360.46,14512.03,11655.5,0.51
2017-05-03,12.59,13.44,12.94,12.56,30581.33,0.35,2.78,12.518,19.124,22.79,19675.8,13287.68,11320.86,0.84
2017-05-02,12.6,12.83,12.59,12.55,14026.05,-0.29,-2.25,15.026,20.4,23.527,14723.97,10590.04,10337.24,0.39
2017-04-28,12.08,12.96,12.88,12.01,21632.55,0.87,7.24,17.562,21.723,24.275,13407.48,9890.25,10577.4,0.6
2017-04-27,12.37,12.37,12.01,11.81,17053.08,-0.16,-1.31,20.22,23.06,25.0,10157.12,8171.31,9912.24,0.47
2017-04-26,12.17,12.69,12.17,12.17,15086.0,-0.37,-2.95,23.062,24.49,25.782,8663.6,6961.11,10100.41,0.42
2017-04-25,25.08,25.7,25.48,25.08,5822.18,0.21,0.83,25.73,25.889,26.594,6899.56,6108.72,11256.57,0.32
2017-04-24,26.25,26.36,25.27,24.0,7443.58,-0.9,-3.44,25.774,25.966,26.74,6456.1,6362.68,11862.43,0.41
2017-04-21,26.15,26.4,26.17,26.01,5380.76,-0.05,-0.19,25.884,26.02,26.881,6373.03,8145.09,12688.76,0.3
2017-04-20,25.91,26.52,26.22,25.88,9585.48,0.71,2.78,25.9,26.104,26.982,6185.49,8701.91,13648.52,0.53
2017-04-19,25.7,25.9,25.51,25.0,6265.81,-0.19,-0.74,25.918,26.232,27.069,5258.62,8798.97,14722.85,0.34
2017-04-18,25.82,26.15,25.7,25.65,3604.88,-0.12,-0.47,26.048,26.455,27.172,5317.88,9354.05,15895.51,0.2
2017-04-17,26.23,26.23,25.82,25.5,7028.21,-0.43,-1.64,26.158,26.654,27.232,6269.25,10084.43,16408.86,0.39
2017-04-14,26.3,26.32,26.25,26.03,4443.09,-0.06,-0.23,26.156,26.826,27.278,9917.15,11264.55,16720.7,0.24
2017-04-13,26.21,26.52,26.31,26.03,4951.1,0.15,0.57,26.308,26.94,27.288,11218.34,11653.17,16805.97,0.27
2017-04-12,26.31,26.35,26.16,25.91,6562.12,-0.09,-0.34,26.546,27.074,27.303,12339.33,13239.7,16948.74,0.36
2017-04-11,25.9,26.31,26.25,25.71,8361.73,0.44,1.71,26.862,27.298,27.325,13390.21,16404.41,17078.15,0.46
2017-04-10,26.78,26.78,25.81,25.53,25267.69,-1.2,-4.44,27.15,27.513,27.349,13899.62,17362.18,17067.86,1.39
2017-04-07,27.48,27.55,27.01,27.01,10949.04,-0.49,-1.78,27.496,27.741,27.411,12611.94,17232.43,16557.39,0.48
2017-04-06,27.55,27.75,27.5,27.35,10556.07,-0.24,-0.86,27.572,27.86,27.384,12088.01,18595.13,16402.37,0.46
2017-04-05,27.67,27.95,27.74,27.0,11816.52,0.05,0.18,27.602,27.905,27.352,14140.08,20646.73,16409.48,0.52
2017-03-31,27.31,27.96,27.69,27.31,10908.76,0.15,0.55,27.734,27.888,27.304,19418.61,22436.97,16171.47,0.48
2017-03-30,27.46,28.14,27.54,27.26,18829.33,0.15,0.55,27.876,27.81,27.248,20824.73,22733.28,15980.95,0.82
2017-03-29,27.8,27.8,27.39,27.3,8329.38,-0.26,-0.94,27.986,27.731,27.196,21852.92,22176.86,15471.36,0.36
2017-03-28,28.0,28.05,27.65,27.42,20816.39,-0.75,-2.64,28.148,27.635,27.165,25102.24,21958.76,15480.73,0.91
2017-03-27,29.08,29.86,28.4,28.35,38209.2,0.0,0.0,28.208,27.531,27.114,27153.39,20657.77,14920.36,1.67
2017-03-24,28.1,28.4,28.4,28.02,17939.37,0.31,1.1,28.042,27.351,27.033,25455.32,17751.89,13490.14,0.79
2017-03-23,28.23,28.56,28.09,27.65,23970.26,-0.11,-0.39,27.744,27.185,26.966,24641.83,16773.55,13105.52,1.05
2017-03-22,27.8,28.6,28.2,27.31,24575.97,0.25,0.89,27.476,27.081,26.92,22500.81,15882.35,13341.11,1.08
2017-03-21,27.58,28.81,27.95,27.58,31072.13,0.38,1.38,27.122,26.907,26.818,18815.28,14209.62,12404.05,1.36
2017-03-20,27.03,27.6,27.57,27.03,29718.87,0.66,2.45,26.854,26.798,26.73,14162.16,12172.23,11167.41,1.3
2017-03-17,26.73,27.08,26.91,26.73,13871.93,0.16,0.6,26.66,26.72,26.653,10048.47,9905.98,9893.22,0.61
2017-03-16,26.45,27.0,26.75,26.44,13265.13,0.32,1.21,26.626,26.686,26.607,8905.26,9228.61,9522.34,0.58
2017-03-15,26.63,26.63,26.43,26.4,6148.36,-0.18,-0.68,26.686,26.661,26.584,9263.9,8765.86,9367.65,0.27
2017-03-14,26.8,26.8,26.61,26.5,7806.5,0.01,0.04,26.692,26.694,26.562,9603.96,9002.7,9394.63,0.34
2017-03-13,26.43,26.78,26.6,26.37,9150.42,-0.14,-0.52,26.742,26.696,26.527,10182.3,9182.94,9266.24,0.4
2017-03-10,26.95,27.05,26.74,26.7,8155.89,-0.31,-1.15,26.78,26.714,26.502,9763.49,9228.39,9149.1,0.36
2017-03-09,26.6,27.11,27.05,26.41,15058.34,0.59,2.23,26.746,26.746,26.469,9551.96,9437.49,9047.21,0.66
2017-03-08,26.86,26.88,26.46,26.22,7848.66,-0.4,-1.49,26.636,26.759,26.421,8267.82,10799.86,8623.18,0.34
2017-03-07,26.8,26.96,26.86,26.72,10698.18,0.07,0.26,26.696,26.729,26.401,8401.43,10598.49,8720.04,0.47
2017-03-06,26.77,26.84,26.79,26.48,7056.4,0.22,0.83,26.65,26.661,26.349,8183.58,10162.59,8795.79,0.31
2017-03-03,26.5,26.78,26.57,26.22,7098.21,0.07,0.26,26.648,26.586,26.282,8693.29,9880.47,8739.8,0.31
2017-03-02,26.58,26.96,26.5,26.49,8637.65,-0.26,-0.97,26.746,26.527,26.212,9323.02,9816.07,8635.73,0.38
2017-03-01,26.62,26.98,26.76,26.51,8516.71,0.13,0.49,26.882,26.507,26.137,13331.9,9969.44,8359.28,0.37
2017-02-28,26.81,26.93,26.63,26.44,9608.92,-0.15,-0.56,26.762,26.43,26.049,12795.54,9786.57,8196.42,0.42
2017-02-27,26.9,27.1,26.78,26.72,9604.94,-0.28,-1.03,26.672,26.357,25.947,12141.59,9349.53,8328.75,0.42
2017-02-24,27.01,27.15,27.06,26.8,10246.9,-0.12,-0.44,26.524,26.29,25.884,11067.64,9069.8,8524.02,0.45
2017-02-23,26.25,27.5,27.18,26.16,28682.03,1.02,3.9,26.308,26.192,25.778,10309.11,8656.94,8254.56,1.26
2017-02-22,26.25,26.27,26.16,26.02,5834.93,-0.02,-0.08,26.132,26.082,25.645,6606.99,6446.51,7089.38,0.26
2017-02-21,26.09,26.45,26.18,26.0,6339.17,0.14,0.54,26.098,26.073,25.587,6777.59,6841.59,7154.08,0.28
2017-02-20,25.86,26.06,26.04,25.86,4235.19,0.06,0.23,26.042,26.037,25.549,6557.47,7428.99,7543.0,0.19
2017-02-17,26.22,26.32,25.98,25.9,6454.24,-0.32,-1.22,26.056,25.977,25.448,7071.96,7599.13,7872.37,0.28
2017-02-16,25.98,26.37,26.3,25.81,10171.4,0.31,1.19,26.076,25.896,25.42,7004.76,7455.4,8020.49,0.45
2017-02-15,25.83,26.21,25.99,25.81,6687.96,0.09,0.35,26.032,25.766,25.405,6286.03,6749.12,7734.29,0.29
2017-02-14,26.01,26.29,25.9,25.86,5238.58,-0.21,-0.8,26.048,25.667,25.408,6905.59,6606.27,7705.72,0.23
2017-02-13,26.08,26.39,26.11,26.08,6807.62,0.03,0.12,26.032,25.537,25.428,8300.5,7307.97,7884.55,0.3
2017-02-10,26.1,26.17,26.08,25.81,6118.26,0.0,0.0,25.898,25.478,25.45,8126.29,7978.23,7867.96,0.27
2017-02-09,26.0,26.26,26.08,25.9,6577.71,0.01,0.04,25.716,25.363,25.469,7906.03,7852.19,7841.46,0.29
2017-02-08,25.9,26.48,26.07,25.52,9785.76,0.25,0.97,25.5,25.207,25.5,7212.21,7732.25,7823.34,0.43
2017-02-07,25.45,25.95,25.82,25.16,12213.13,0.38,1.49,25.286,25.1,25.541,6306.95,7466.58,7846.86,0.53
2017-02-06,25.01,25.48,25.44,25.01,5936.61,0.27,1.07,25.042,25.06,25.591,6315.45,7657.02,8027.98,0.26
2017-02-03,25.08,25.2,25.17,24.7,5016.96,0.17,0.68,25.058,24.919,25.618,7830.17,8145.61,8003.7,0.22
2017-01-26,24.91,25.16,25.0,24.76,3108.6,0.0,0.0,25.01,24.944,25.659,7798.35,8585.58,8004.99,0.14
2017-01-25,24.6,25.16,25.0,24.38,5259.47,0.4,1.63,24.914,25.043,25.7,8252.29,8719.46,8077.74,0.23
2017-01-24,25.32,25.43,24.6,24.47,12255.59,-0.92,-3.6,24.914,25.149,25.751,8626.21,8805.17,8170.29,1.66
2017-01-23,24.73,26.64,25.52,24.59,13510.22,0.59,2.37,25.078,25.318,25.807,8998.59,8461.14,8018.85,1.83
2017-01-20,24.99,25.01,24.93,24.3,4857.85,0.41,1.67,24.78,25.422,25.822,8461.06,7757.69,7782.35,0.66
2017-01-19,25.0,25.09,24.52,24.41,5378.34,-0.48,-1.92,24.878,25.575,25.905,9372.82,7830.72,7959.37,0.73
2017-01-18,25.45,25.5,25.0,24.84,7129.03,-0.42,-1.65,25.172,25.792,26.012,9186.62,7914.42,8150.73,0.96
2017-01-17,24.02,25.45,25.42,23.08,14117.52,1.39,5.78,25.384,25.982,26.077,8984.13,8227.15,8453.05,1.91
2017-01-16,25.42,25.42,24.03,23.0,10822.55,-1.39,-5.47,25.558,26.121,26.147,7923.68,8398.95,9261.99,1.46
2017-01-13,26.0,26.14,25.42,25.35,9416.67,-0.57,-2.19,26.064,26.316,26.236,7054.31,7861.8,9101.49,1.27
2017-01-12,26.05,26.26,25.99,25.93,4447.32,-0.07,-0.27,26.272,26.374,26.244,6288.62,7424.39,9142.62,0.6
2017-01-11,26.26,26.46,26.06,25.9,6116.59,-0.23,-0.88,26.412,26.357,26.209,6642.22,7436.02,9442.09,0.83
2017-01-10,26.57,26.63,26.29,26.26,8815.28,-0.27,-1.02,26.58,26.353,26.201,7470.17,7535.42,9670.45,1.19
2017-01-09,26.32,26.69,26.56,26.26,6475.71,0.1,0.38,26.684,26.296,26.183,8874.21,7576.56,10185.95,0.88
2017-01-06,26.62,26.8,26.46,26.41,5588.22,-0.23,-0.86,26.568,26.222,26.236,8669.28,7807.02,10306.01,0.76
2017-01-05,26.9,26.96,26.69,26.63,6215.3,-0.21,-0.78,26.476,26.234,26.307,8560.15,8088.01,10573.6,0.84
2017-01-04,26.79,27.08,26.9,26.54,10256.32,0.09,0.34,26.302,26.231,26.381,8229.81,8387.04,10860.97,1.39
2017-01-03,26.17,26.88,26.81,26.06,15835.5,0.83,3.19,26.126,26.171,26.418,7600.66,8678.95,10740.46,2.14
2016-12-30,26.15,26.16,25.98,25.91,5451.04,-0.02,-0.08,25.908,26.173,26.458,6278.91,10125.03,10415.24,0.74
2016-12-29,25.85,26.18,26.0,25.85,5042.59,0.18,0.7,25.876,26.156,26.552,6944.76,10341.18,11014.83,0.68
2016-12-28,26.0,26.2,25.82,25.8,4563.6,-0.2,-0.77,25.992,26.114,26.676,7615.87,10860.86,11382.85,0.62
2016-12-27,25.72,26.16,26.02,25.72,7110.59,0.3,1.17,26.16,26.06,26.817,8544.27,11448.17,11764.82,0.96
2016-12-26,25.69,26.05,25.72,25.28,9226.74,-0.1,-0.39,26.216,26.048,26.94,9757.23,11805.49,12151.91,1.25
2016-12-23,26.57,26.57,25.82,25.68,8780.3,-0.76,-2.86,26.438,26.069,27.088,13971.14,12795.35,12448.92,1.22
2016-12-22,26.51,26.6,26.58,26.21,8398.14,-0.08,-0.3,26.436,26.25,27.257,13737.6,12805.0,12910.59,1.16
2016-12-21,26.3,26.76,26.66,26.26,9205.59,0.36,1.37,26.236,26.379,27.386,14105.84,13059.19,13597.25,1.28
2016-12-20,26.73,26.8,26.3,26.18,13175.38,-0.53,-1.98,25.96,26.53,27.54,14352.08,13334.89,14504.49,1.83
2016-12-19,25.99,27.77,26.83,25.81,30296.28,1.02,3.95,25.88,26.664,27.743,13853.76,12801.97,15665.2,4.2
2016-12-16,25.49,25.99,25.81,25.45,7612.61,0.23,0.9,25.7,26.743,27.886,11619.55,10705.45,15286.66,1.06
2016-12-15,25.32,26.05,25.58,25.21,10239.33,0.3,1.19,26.064,26.947,28.092,11872.39,11688.49,16399.13,1.42
2016-12-14,25.9,25.94,25.28,25.27,10436.78,-0.62,-2.39,26.522,27.237,28.306,12012.54,11904.84,17272.02,1.45
2016-12-13,25.93,26.14,25.9,25.5,10683.79,-0.03,-0.12,27.1,27.573,28.547,12317.71,12081.48,19034.48,1.48
2016-12-12,27.5,27.89,25.93,25.8,19125.25,-1.7,-6.15,27.448,27.831,28.807,11750.18,12498.32,20600.18,2.65
2016-12-09,27.87,27.95,27.63,27.54,8876.8,-0.24,-0.86,27.786,28.107,29.068,9791.34,12102.49,23351.02,1.23
2016-12-08,28.17,28.3,27.87,27.87,10940.09,-0.3,-1.06,27.83,28.264,29.308,11504.58,13016.18,30316.95,1.52
2016-12-07,27.7,28.18,28.17,27.5,11962.6,0.53,1.92,27.952,28.393,29.443,11797.13,14135.3,33312.16,1.66
2016-12-06,27.75,27.88,27.64,27.53,7846.18,0.02,0.07,28.046,28.549,29.425,11845.24,15674.08,34172.8,1.09
2016-12-05,27.29,27.75,27.62,27.08,9331.04,-0.23,-0.83,28.214,28.821,29.401,13246.45,18528.44,34263.78,1.29
2016-12-02,28.5,28.5,27.85,27.6,17443.0,-0.63,-2.21,28.428,29.028,29.363,14413.64,19867.86,34270.12,2.42
2016-12-01,28.69,28.8,28.48,28.32,12402.82,-0.16,-0.56,28.698,29.236,29.327,14527.78,21109.77,33808.99,1.72
2016-11-30,28.33,28.72,28.64,28.29,12203.18,0.16,0.56,28.834,29.375,29.258,16473.48,22639.21,33937.62,1.69
2016-11-29,28.66,29.02,28.48,28.45,14852.2,-0.21,-0.73,29.052,29.52,29.191,19502.93,25987.49,33932.94,2.06
2016-11-28,29.08,29.27,28.69,28.68,15166.98,-0.51,-1.75,29.428,29.783,29.145,23810.42,28702.05,33647.63,2.1
2016-11-25,29.01,29.26,29.2,28.41,18013.74,0.04,0.14,29.628,30.029,29.119,25322.09,34599.55,33667.32,2.5
2016-11-24,29.51,29.68,29.16,29.04,22131.29,-0.57,-1.92,29.774,30.351,29.051,27691.75,47617.72,33157.3,3.07
2016-11-23,30.16,30.49,29.73,29.59,27350.42,-0.63,-2.08,29.916,30.493,28.991,28804.94,52489.01,32596.98,3.79
2016-11-22,29.94,30.55,30.36,29.73,36389.69,0.67,2.26,29.988,30.3,28.891,32472.05,52671.52,31733.06,5.05
2016-11-21,29.78,29.99,29.69,29.5,22725.32,-0.24,-0.8,30.138,29.98,28.754,33593.67,49999.12,30375.91,3.15
2016-11-18,29.8,30.29,29.93,29.56,29862.04,0.06,0.2,30.43,29.697,28.66,43877.01,48672.37,29915.27,4.15
2016-11-17,30.01,30.28,29.87,29.79,27697.23,-0.22,-0.73,30.928,29.418,28.568,67543.68,46508.21,28898.8,3.85
2016-11-16,30.96,31.34,30.09,30.08,45685.99,-1.02,-3.28,31.07,29.141,28.488,76173.07,45236.04,28212.77,6.36
2016-11-15,31.01,31.67,31.11,30.86,41997.75,-0.04,-0.13,30.612,28.862,28.368,72870.99,41878.4,26541.32,5.84
2016-11-14,32.98,33.0,31.15,31.01,74142.03,-1.27,-3.92,29.822,28.506,28.19,66404.58,38593.21,24737.11,10.32
2016-11-11,32.51,33.55,32.42,30.88,148195.41,1.84,6.02,28.964,28.209,27.993,53467.74,32735.09,21443.06,20.62
2016-11-10,27.98,30.58,30.58,27.98,70844.19,2.78,10.0,27.908,27.75,27.751,25472.74,18696.88,14360.01,9.86
2016-11-09,27.29,27.8,27.8,26.41,29175.56,0.64,2.36,27.212,27.488,27.607,14299.0,12704.96,11206.53,4.06
2016-11-08,26.88,27.19,27.16,26.81,9665.71,0.3,1.12,27.112,27.482,27.602,10885.8,10794.6,10239.35,1.34
2016-11-07,27.15,27.38,26.86,26.84,9457.82,-0.28,-1.03,27.19,27.528,27.612,10781.84,10752.7,10032.38,1.32
2016-11-04,27.11,27.44,27.14,27.08,8220.41,0.04,0.15,27.454,27.623,27.624,12002.43,11158.17,10125.9,1.14
2016-11-03,27.26,27.48,27.1,26.81,14975.49,-0.2,-0.73,27.592,27.717,27.599,11921.03,11289.39,9990.04,2.08
2016-11-02,27.62,27.62,27.3,27.3,12109.58,-0.41,-1.48,27.764,27.835,27.58,11110.91,11189.5,9605.72,1.68
2016-10-28,28.19,28.19,27.55,27.54,9145.9,-0.63,-2.24,27.852,27.873,27.525,10703.4,11204.25,9505.65,1.27
2016-10-27,27.67,28.2,28.18,27.5,15560.78,0.35,1.26,27.866,27.873,27.497,10723.56,10881.0,9487.17,2.17
2016-10-26,28.08,28.08,27.83,27.6,7813.38,-0.13,-0.47,27.792,27.777,27.457,10313.9,10151.03,9008.46,1.09
2016-10-25,27.61,28.19,27.96,27.5,10924.93,0.22,0.79,27.842,27.752,27.43,10657.74,10023.13,8829.59,1.52
2016-10-24,27.71,27.86,27.74,27.48,10072.02,0.12,0.43,27.906,27.726,27.397,11268.09,9708.11,8568.0,1.4
2016-10-21,27.81,27.96,27.62,27.39,9246.68,-0.19,-0.68,27.894,27.722,27.385,11705.1,9684.1,8347.39,1.29
2016-10-20,28.2,28.46,27.81,27.75,13512.5,-0.27,-0.96,27.88,27.695,27.372,11038.44,9312.07,8317.71,1.88
2016-10-19,28.28,28.35,28.08,28.01,9532.59,-0.2,-0.71,27.762,27.624,27.347,9988.16,9093.63,8077.13,1.33
2016-10-18,27.53,28.48,28.28,27.53,13976.65,0.6,2.17,27.662,27.48,27.315,9388.51,8690.7,8366.53,1.94
2016-10-17,27.55,28.12,27.68,27.52,12257.08,0.13,0.47,27.546,27.325,27.31,8148.14,8021.94,8321.7,1.71
2016-10-14,27.25,27.56,27.55,27.21,5913.39,0.33,1.21,27.55,27.177,27.342,7663.1,7807.04,8284.34,0.82
2016-10-13,27.75,27.75,27.22,27.2,8261.09,-0.36,-1.3,27.51,27.12,27.385,7585.69,8093.35,8601.74,1.15
2016-10-12,27.61,27.83,27.58,27.45,6534.36,-0.12,-0.43,27.486,27.136,27.456,8199.1,7865.89,8907.46,0.91
2016-10-11,27.61,27.91,27.7,27.51,7774.76,0.0,0.0,27.298,27.108,27.498,7992.89,7636.06,9230.41,1.08
2016-10-10,27.5,27.97,27.7,27.42,9831.88,0.35,1.28,27.104,27.068,27.546,7895.74,7427.88,9866.45,1.37
2016-09-30,27.12,27.46,27.35,27.03,5526.38,0.25,0.92,26.804,27.047,27.581,7950.99,7010.69,10268.52,0.77
2016-09-29,26.78,27.35,27.1,26.59,11328.1,0.46,1.73,26.73,27.049,27.647,8601.0,7323.35,11001.56,1.58
2016-09-28,26.71,26.78,26.64,26.5,5503.35,-0.09,-0.34,26.786,27.069,27.755,7532.69,7060.62,11806.93,0.77
2016-09-27,26.4,26.73,26.73,26.1,7288.97,0.53,2.02,26.918,27.149,27.84,7279.22,8042.35,12209.16,1.01
2016-09-26,26.97,26.98,26.2,26.12,10108.13,-0.78,-2.89,27.032,27.294,27.938,6960.03,8621.47,13035.49,1.41
2016-09-23,27.33,27.54,26.98,26.95,8776.44,-0.4,-1.46,27.29,27.507,28.074,6070.4,8761.65,14461.22,1.22
2016-09-22,27.55,27.68,27.38,27.37,5986.57,0.08,0.29,27.368,27.649,28.148,6045.71,9110.13,15713.9,0.83
2016-09-21,27.3,27.45,27.3,27.13,4236.0,0.0,0.0,27.352,27.776,28.163,6588.55,9949.02,15849.91,0.59
2016-09-20,27.5,27.68,27.3,27.1,5693.0,-0.19,-0.69,27.38,27.888,28.164,8805.47,10824.76,16009.24,0.79
2016-09-19,27.54,27.84,27.49,27.37,5659.97,0.12,0.44,27.556,28.024,28.193,10282.91,12305.03,16254.17,0.79
2016-09-14,27.02,27.57,27.37,26.91,8653.0,0.07,0.26,27.724,28.115,28.199,11452.9,13526.34,16469.01,1.2
2016-09-13,27.62,27.7,27.3,27.19,8700.8,-0.14,-0.51,27.93,28.244,28.22,12174.55,14679.77,16607.12,1.21
2016-09-12,27.5,28.23,27.44,27.01,15320.6,-0.74,-2.63,28.2,28.441,28.26,13309.49,16553.25,17068.49,2.13
2016-09-09,28.45,28.45,28.18,27.98,13080.16,-0.15,-0.53,28.396,28.53,28.287,12844.05,16375.98,17517.5,1.82
2016-09-08,28.65,28.65,28.33,28.06,11509.94,-0.07,-0.25,28.492,28.581,28.198,14327.15,17449.52,17123.01,1.6
2016-09-07,28.8,28.8,28.4,28.2,12261.27,-0.25,-0.87,28.506,28.64,28.089,15599.78,20160.79,16830.13,1.71
2016-09-06,28.41,28.72,28.65,28.05,14375.47,0.23,0.81,28.558,28.647,28.008,17184.98,22317.68,16572.76,2.0
2016-09-05,28.76,28.79,28.42,28.07,12993.42,-0.24,-0.84,28.682,28.549,27.923,19797.0,21750.79,16181.4,1.81
2016-09-02,28.25,28.68,28.66,27.9,20495.64,0.26,0.92,28.664,28.439,27.831,19907.9,21193.73,15869.67,2.85
2016-09-01,28.58,29.03,28.4,28.26,17873.09,-0.26,-0.91,28.67,28.362,27.704,20571.89,20203.31,15098.29,2.49
2016-08-31,29.13,29.65,28.66,28.6,20187.29,-0.61,-2.08,28.774,28.282,27.614,24721.81,19411.68,14444.11,2.81
2016-08-30,28.42,29.5,29.27,28.28,27435.58,0.94,3.32,28.736,28.196,27.51,27450.37,18534.47,13685.33,3.82
2016-08-29,28.7,28.7,28.33,28.05,13547.89,-0.36,-1.25,28.416,28.078,27.381,23704.58,17583.73,12636.13,1.89
2016-08-26,28.79,29.44,28.69,28.53,23815.58,-0.23,-0.8,28.214,28.043,27.284,22479.55,18659.02,12451.77,3.31
2016-08-25,28.3,29.5,28.92,27.65,38622.7,0.45,1.58,28.054,27.814,27.159,19834.72,16796.5,11572.07,5.37
2016-08-24,27.77,28.99,28.47,27.76,33830.12,0.8,2.89,27.79,27.538,27.037,14101.55,13499.48,10107.66,4.71
2016-08-23,27.28,27.77,27.67,27.2,8706.59,0.35,1.28,27.656,27.368,26.938,9618.57,10827.83,9251.11,1.21
2016-08-22,27.95,27.99,27.32,27.31,7422.78,-0.57,-2.04,27.74,27.296,26.962,11462.88,10612.01,9243.8,1.03
2016-08-19,27.6,27.95,27.89,27.24,10591.43,0.29,1.05,27.872,27.222,26.975,14838.48,10545.62,9564.9,1.47
2016-08-18,27.65,27.91,27.6,27.56,9956.84,-0.2,-0.72,27.574,27.046,26.995,13758.27,9993.27,9633.96,1.39
2016-08-17,28.0,28.13,27.8,27.61,11415.23,-0.29,-1.03,27.286,26.946,27.059,12897.4,9476.55,9853.58,1.59
2016-08-16,28.0,28.38,28.09,27.7,17928.1,0.11,0.39,27.08,26.824,27.12,12037.09,8836.18,10098.23,2.49
2016-08-15,26.41,28.98,27.98,26.41,24300.78,1.58,5.99,26.852,26.684,27.15,9761.14,7688.54,9740.99,3.38
2016-08-12,26.38,26.53,26.4,26.04,5190.42,0.24,0.92,26.572,26.525,27.171,6252.76,6244.52,9312.01,0.72
2016-08-11,26.9,26.9,26.16,26.12,5652.47,-0.61,-2.28,26.518,26.504,27.308,6228.27,6347.63,9737.15,0.79
2016-08-10,27.25,27.25,26.77,26.54,7113.7,-0.18,-0.67,26.606,26.535,27.465,6055.69,6715.85,10312.98,0.99
2016-08-09,26.66,26.97,26.95,26.42,6548.35,0.37,1.39,26.568,26.508,27.575,5635.27,7674.39,10797.85,0.91
2016-08-08,26.0,26.65,26.58,25.65,6758.84,0.45,1.72,26.516,26.628,27.677,5615.93,7875.59,11592.28,0.94
2016-08-05,26.5,26.78,26.13,26.03,5068.0,-0.47,-1.77,26.478,26.728,27.807,6236.28,8584.19,13050.25,0.71
2016-08-04,26.6,26.85,26.6,26.41,4789.57,0.02,0.07,26.49,26.943,27.937,6466.99,9274.64,14373.68,0.67
2016-08-03,26.84,26.84,26.58,26.41,5011.58,-0.11,-0.41,26.464,27.171,28.063,7376.01,10230.62,18125.21,0.7
2016-08-02,26.39,26.7,26.69,26.25,6451.66,0.3,1.14,26.448,27.415,28.252,9713.51,11360.28,21234.2,0.9
2016-08-01,26.08,26.58,26.39,25.3,9860.59,0.2,0.76,26.74,27.616,28.297,10135.24,11793.45,21909.03,1.37
2016-07-29,26.5,26.67,26.19,26.05,6221.56,-0.28,-1.06,26.978,27.817,28.35,10932.1,12379.5,22183.28,0.87
2016-07-28,26.62,26.79,26.47,26.05,9334.64,-0.03,-0.11,27.396,28.112,28.396,12082.28,13126.67,22586.27,1.3
2016-07-27,28.49,28.5,26.5,26.03,16699.09,-1.65,-5.86,27.878,28.394,28.434,13085.23,13910.11,23195.03,2.32
2016-07-26,27.58,28.19,28.15,27.58,8560.32,0.57,2.07,28.382,28.642,28.509,13007.05,13921.3,23794.23,1.19
2016-07-25,28.1,28.4,27.58,27.5,13844.89,-0.7,-2.48,28.492,28.726,28.486,13451.65,15308.97,24947.8,1.93
2016-07-22,28.87,28.87,28.28,28.26,11972.47,-0.6,-2.08,28.656,28.885,28.496,13826.89,17516.31,26262.85,1.67
2016-07-21,29.01,29.2,28.88,28.47,14349.39,-0.14,-0.48,28.828,28.93,28.387,14171.05,19472.73,26842.55,2.0
2016-07-20,28.55,29.34,29.02,28.5,16308.2,0.32,1.11,28.91,28.955,28.282,14734.98,26019.81,27419.69,2.27
2016-07-19,28.4,28.79,28.7,28.21,10783.31,0.3,1.06,28.902,29.088,28.178,14835.55,31108.13,27920.21,1.5
2016-07-18,29.0,29.05,28.4,28.28,15721.09,-0.74,-2.54,28.96,28.977,28.046,17166.29,32024.62,28777.89,2.19
2016-07-15,29.4,29.44,29.14,29.01,13693.25,-0.15,-0.51,29.114,28.883,27.952,21205.73,31987.06,29113.55,1.91
2016-07-14,28.88,29.34,29.29,28.85,17169.05,0.31,1.07,29.032,28.679,27.821,24774.42,32045.88,30653.3,2.39
2016-07-13,28.82,29.29,28.98,28.77,16811.06,-0.01,-0.03,29.0,28.474,27.682,37304.63,32479.96,31985.32,2.34
2016-07-12,29.5,29.5,28.99,28.3,22437.0,-0.18,-0.62,29.274,28.376,27.465,47380.7,33667.15,31780.39,3.12
2016-07-11,28.82,29.81,29.17,28.45,35918.28,0.44,1.53,28.994,28.246,27.199,46882.94,34586.63,31167.73,5.0
2016-07-08,29.0,29.01,28.73,28.42,31536.69,-0.4,-1.37,28.652,28.107,26.913,42768.39,35009.4,30381.3,4.39
2016-07-07,30.35,30.85,29.13,29.0,79820.14,-1.22,-4.02,28.326,27.844,26.767,39317.35,34212.36,29381.27,11.11
2016-07-06,28.0,30.35,30.35,27.42,67191.39,2.76,10.0,27.948,27.608,26.619,27655.28,28819.57,26194.71,9.35
2016-07-05,27.56,27.97,27.59,27.24,19948.22,0.13,0.47,27.478,27.268,26.394,19953.6,24732.29,23617.27,2.78
2016-07-04,26.8,27.54,27.46,26.72,15345.49,0.36,1.33,27.498,27.115,26.331,22290.33,25531.17,23580.1,2.14
2016-07-01,27.24,27.62,27.1,27.0,14281.51,-0.14,-0.51,27.562,27.021,26.265,27250.41,26240.04,23625.24,1.99
2016-06-30,27.86,27.86,27.24,27.18,21509.79,-0.76,-2.71,27.362,26.963,26.209,29107.37,29260.72,24138.53,2.99
2016-06-29,27.7,28.49,28.0,27.39,28683.01,0.31,1.12,27.268,26.89,26.09,29983.86,31490.68,23920.68,3.99
2016-06-28,27.8,27.99,27.69,27.2,31631.83,-0.09,-0.32,27.058,26.554,25.885,29510.97,29893.63,22913.47,4.4
2016-06-27,25.97,28.0,27.78,25.97,40145.92,1.68,6.44,26.732,26.152,25.698,28772.01,27748.83,21809.32,5.59
2016-06-24,26.53,27.17,26.1,25.0,23566.31,-0.67,-2.5,26.48,25.719,25.524,25229.66,25753.2,20323.26,3.28
2016-06-23,26.96,27.32,26.77,26.08,25892.23,-0.18,-0.67,26.564,25.69,25.44,29414.06,24550.18,19655.35,3.6
2016-06-22,25.85,27.0,26.95,25.79,26318.57,0.89,3.42,26.512,25.63,25.311,32997.5,23569.86,19016.55,3.66
2016-06-21,26.7,27.25,26.06,25.85,27937.0,-0.46,-1.74,26.05,25.52,25.196,30276.29,22502.25,18473.61,3.89
2016-06-20,26.5,26.52,26.52,25.7,22434.18,0.0,0.0,25.572,25.547,25.082,26725.66,21629.03,17925.17,3.12
2016-06-17,26.2,27.67,26.52,26.11,44488.34,0.01,0.04,24.958,25.508,24.964,26276.73,21010.45,17748.28,6.19
2016-06-16,24.78,27.1,26.51,24.36,43809.4,1.87,7.59,24.816,25.454,24.883,19686.3,19016.35,16607.8,6.1
2016-06-15,23.5,24.85,24.64,23.21,12712.51,0.97,4.1,24.748,25.29,24.798,14142.22,16350.69,15371.03,1.77
2016-06-14,23.29,23.76,23.67,23.21,10183.86,0.22,0.94,24.99,25.215,26.189,14728.22,15933.3,15369.54,1.42
2016-06-13,25.3,25.59,23.45,23.3,20189.55,-2.36,-9.14,25.522,25.243,27.629,16532.4,15869.81,15574.67,2.81
2016-06-08,25.97,26.0,25.81,25.52,11536.18,-0.36,-1.38,26.058,25.328,29.041,15744.16,14893.32,14894.64,1.61
2016-06-07,25.88,26.18,26.17,25.4,16089.0,0.32,1.24,26.092,25.189,30.325,18346.4,14760.51,14670.42,2.24
2016-06-06,26.33,26.48,25.85,25.75,15642.49,-0.48,-1.82,25.832,24.991,31.549,18559.16,14463.24,14174.93,2.18
2016-06-03,26.1,26.5,26.33,25.7,19204.77,0.2,0.77,25.44,24.871,32.768,17138.39,14444.97,13813.66,2.67
2016-06-02,25.7,26.3,26.13,25.7,16248.36,0.15,0.58,24.964,24.617,34.076,15207.22,14221.31,13570.18,2.26
2016-06-01,24.8,26.29,25.98,24.8,24547.37,1.11,4.46,24.598,24.419,35.527,14042.48,14486.12,13183.88,3.42
2016-05-31,23.72,24.95,24.87,23.72,17152.8,0.98,4.1,24.286,24.312,36.972,11174.62,14199.24,12414.16,2.39
2016-05-30,23.68,24.3,23.89,23.67,8538.66,-0.06,-0.25,24.15,24.305,38.49,10367.31,14391.37,12044.6,1.19
2016-05-27,24.38,24.38,23.95,23.7,9548.92,-0.35,-1.44,24.302,27.163,39.989,11751.56,14805.78,11948.11,1.33
2016-05-26,24.5,24.63,24.3,23.65,10424.63,-0.12,-0.49,24.27,30.015,41.457,13235.4,15279.53,11852.06,1.45
2016-05-25,24.21,24.88,24.42,24.12,10208.09,0.23,0.95,24.24,32.754,42.929,14929.76,14895.97,11856.87,1.42
2016-05-24,24.44,24.77,24.19,24.03,13116.26,-0.46,-1.87,24.338,35.461,44.284,17223.87,14580.33,11563.18,1.82
2016-05-23,23.82,24.79,24.65,23.82,15459.88,0.86,3.62,24.46,38.107,45.62,18415.42,13886.62,11124.68,2.15
2016-05-20,23.98,24.0,23.79,23.21,16968.13,-0.36,-1.49,30.024,40.664,46.928,17860.0,13182.35,10591.53,2.36
2016-05-19,24.88,25.32,24.15,24.02,18896.45,-0.76,-3.05,35.76,43.535,48.249,17323.65,12919.05,10060.98,2.63
2016-05-18,24.51,25.6,24.91,23.57,21678.61,0.11,0.44,41.268,46.635,49.57,14862.17,11881.65,9742.54,3.02
2016-05-17,25.95,25.95,24.8,24.78,19074.04,-1.19,-4.58,46.584,49.632,51.026,11936.8,10629.08,9059.73,2.65
2016-05-16,52.0,52.68,52.47,50.51,12682.79,0.0,0.0,51.754,52.675,52.489,9357.81,9697.83,8777.14,3.53
2016-05-13,51.75,54.33,52.47,51.03,14286.37,0.78,1.51,51.304,52.814,52.6,8504.69,9090.44,8973.82,3.98
2016-05-12,50.75,51.8,51.69,49.08,6589.05,0.2,0.39,51.31,52.898,52.81,8514.44,8424.6,8957.75,1.83
2016-05-11,51.25,51.99,51.49,50.4,7051.76,0.84,1.66,52.002,53.103,52.996,8901.12,8817.76,9265.48,1.96
2016-05-10,50.5,51.27,50.65,50.22,6179.07,0.43,0.86,52.68,53.107,53.168,9321.35,8546.03,9583.49,1.72
2016-05-09,52.1,52.53,50.22,47.5,8417.18,-2.28,-4.34,53.596,53.132,53.451,10037.86,8362.75,10161.74,2.34
2016-05-06,57.57,57.57,52.5,52.5,14335.16,-2.65,-4.8,54.324,53.192,53.575,9676.2,8000.71,10273.49,3.99
2016-05-05,54.39,55.5,55.15,54.25,8522.43,0.27,0.49,54.486,52.962,53.537,8334.76,7202.92,10232.62,2.37
2016-05-04,54.8,56.19,54.88,54.31,9152.93,-0.35,-0.63,54.204,52.504,53.39,8734.41,7603.43,10522.41,2.55
2016-05-03,53.55,55.44,55.23,53.55,9761.6,1.37,2.54,53.534,52.42,53.159,7770.7,7490.38,10624.97,2.72
2016-04-29,52.55,54.11,53.86,52.55,6608.89,0.55,1.03,52.668,52.303,52.811,6687.65,7856.44,10482.34,1.84
2016-04-28,53.4,54.09,53.31,52.01,7627.94,-0.43,-0.8,52.06,52.385,52.554,6325.22,8857.2,10585.08,2.12
2016-04-27,51.55,54.97,53.74,51.55,10520.68,2.21,4.29,51.438,52.722,52.288,6071.08,9490.9,10550.34,2.93
2016-04-26,50.35,51.53,51.53,50.35,4334.37,0.63,1.24,50.804,52.888,51.916,6472.46,9713.2,10329.44,1.21
2016-04-25,49.85,51.2,50.9,49.85,4346.35,0.08,0.16,51.306,53.229,51.687,7210.06,10620.95,10602.62,1.21
2016-04-22,50.2,50.98,50.82,50.0,4796.78,0.62,1.24,51.938,53.769,51.59,9025.23,11960.72,10883.61,1.33
2016-04-21,50.85,51.6,50.2,50.01,6357.23,-0.37,-0.73,52.71,53.958,51.439,11389.17,12546.27,11219.78,1.77
2016-04-20,54.51,54.51,50.57,48.88,12527.57,-3.47,-6.42,54.006,54.113,51.319,12910.71,13262.33,11344.64,3.49
2016-04-19,54.1,54.98,54.04,53.54,8022.39,-0.02,-0.04,54.972,54.277,51.172,12953.94,13441.38,11337.85,2.23
2016-04-18,53.8,54.5,54.06,52.5,13422.18,-0.62,-1.13,55.152,53.898,50.895,14031.84,13759.57,11778.2,3.74
2016-04-15,57.8,57.8,54.68,54.0,16616.48,-2.0,-3.53,55.6,53.319,50.437,14896.21,13108.25,11630.14,4.62
2016-04-14,55.55,57.78,56.68,55.2,13964.93,1.28,2.31,55.206,52.722,49.858,13703.37,12312.97,11171.97,3.89
2016-04-13,55.5,56.5,55.4,54.45,12743.7,0.46,0.84,54.22,51.854,49.113,13613.95,11609.77,10758.16,3.55
2016-04-12,55.75,57.98,54.94,54.2,13411.92,-1.36,-2.42,53.582,50.943,48.453,13928.83,10945.68,10449.52,3.73
2016-04-11,53.53,57.9,56.3,53.53,17744.01,3.59,6.81,52.644,50.145,47.811,13487.29,10584.29,10183.59,4.94
2016-04-08,51.3,52.93,52.71,50.6,10652.27,0.96,1.85,51.038,49.411,47.023,11320.3,9806.49,9524.39,2.96
2016-04-07,52.2,53.48,51.75,51.31,13517.84,-0.46,-0.88,50.238,48.92,46.384,10922.56,9893.3,9196.41,3.76
2016-04-06,50.4,52.21,52.21,49.51,14318.11,1.96,3.9,49.488,48.525,45.802,9605.6,9426.96,8796.96,3.98
2016-04-05,48.1,50.79,50.25,48.1,11204.24,1.98,4.1,48.304,48.067,45.231,7962.54,9234.32,8443.44,3.12
2016-04-01,48.43,48.86,48.27,47.6,6909.02,-0.44,-0.9,47.646,47.892,44.755,7681.29,9796.82,8251.68,1.92
2016-03-31,48.5,49.5,48.71,48.4,8663.61,0.71,1.48,47.784,47.555,44.348,8292.69,10152.04,8407.29,2.41
2016-03-30,46.7,48.45,48.0,46.7,6933.02,1.71,3.69,47.602,46.993,44.029,8864.03,10030.98,8411.49,1.93
2016-03-29,46.71,47.7,46.29,45.96,6102.79,-0.67,-1.43,47.562,46.372,43.754,9248.31,9906.56,8586.37,1.7
2016-03-28,48.98,49.88,46.96,46.71,9798.01,-2.0,-4.08,47.83,45.963,43.485,10506.11,9953.36,8741.98,2.73
2016-03-25,47.3,50.5,48.96,47.15,9966.02,1.16,2.43,48.138,45.476,43.164,11912.35,9782.88,8868.17,2.77
2016-03-24,50.77,50.77,47.8,47.7,11520.31,0.0,0.0,47.326,44.635,42.969,12011.38,9242.28,9364.89,3.21
2016-03-23,47.08,48.3,47.8,46.88,8854.43,0.17,0.36,46.384,43.847,42.955,11197.92,8499.52,10418.57,2.46
2016-03-22,48.5,48.5,47.63,47.2,12391.79,-0.87,-1.79,45.182,43.078,42.862,10564.8,8166.96,10311.33,3.45
2016-03-21,45.37,49.0,48.5,45.07,16829.22,3.6,8.02,44.096,42.395,42.799,9400.6,7652.56,10088.18,4.68
2016-03-18,43.3,45.88,44.9,43.2,10461.15,1.81,4.2,42.814,41.617,42.754,7653.4,6706.53,9672.22,2.91
2016-03-17,41.75,43.4,43.09,41.51,7453.02,1.3,3.11,41.944,41.141,42.846,6473.18,6662.54,9448.88,2.07
2016-03-16,42.49,42.88,41.79,41.38,5688.81,-0.41,-0.97,41.31,41.065,43.012,5801.13,6792.0,9562.04,1.58
2016-03-15,41.94,42.8,42.2,41.68,6570.82,0.11,0.26,40.974,41.136,43.259,5769.13,7266.18,9616.84,1.83
2016-03-14,41.4,42.68,42.09,40.77,8093.22,1.54,3.8,40.694,41.006,43.482,5904.51,7530.61,9621.28,2.25
2016-03-11,39.92,40.71,40.55,39.1,4560.03,0.63,1.58,40.42,40.852,43.613,5759.66,7953.46,9398.4,1.27
2016-03-10,40.2,40.79,39.92,39.65,4092.75,-0.19,-0.47,40.338,41.302,43.848,6851.89,9487.5,9355.66,1.14
2016-03-09,40.0,40.8,40.11,39.1,5528.83,-0.69,-1.69,40.82,42.062,44.149,7782.87,12337.62,9433.05,1.54
2016-03-08,40.41,41.18,40.8,38.5,7247.74,0.08,0.2,41.298,42.645,44.393,8763.23,12455.7,9384.47,2.02
2016-03-07,40.77,41.5,40.72,40.2,7368.95,0.58,1.45,41.318,43.202,44.59,9156.7,12523.8,9284.74,2.05
2016-03-04,41.99,42.33,40.14,39.0,10021.2,-2.19,-5.17,41.284,43.89,44.713,10147.25,12637.9,9249.49,2.79
2016-03-03,42.5,43.25,42.33,41.9,8747.62,-0.17,-0.4,42.266,44.55,44.851,12123.11,12235.22,9102.64,2.43
2016-03-02,41.05,42.98,42.5,40.6,10430.65,1.6,3.91,43.304,44.958,44.761,16892.36,12332.09,8942.22,2.9
2016-03-01,40.9,41.79,40.9,39.08,9215.08,0.35,0.86,43.992,45.382,44.756,16148.16,11967.5,8885.27,2.56
2016-02-29,43.75,44.88,40.55,40.55,12321.7,-4.5,-9.99,45.086,45.958,44.795,15890.9,11711.96,8794.49,3.43
2016-02-26,47.2,47.2,45.05,43.55,19900.48,-2.47,-5.2,46.496,46.373,45.075,15128.56,10843.34,8450.73,5.54
2016-02-25,46.19,49.58,47.52,45.87,32593.9,1.58,3.44,46.834,46.393,45.107,12347.33,9223.83,7719.89,9.07
2016-02-24,46.39,46.65,45.94,45.0,6709.63,-0.43,-0.93,46.612,46.236,44.958,7771.82,6528.48,6480.87,1.87
2016-02-23,47.7,47.7,46.37,45.73,7928.78,-1.23,-2.58,46.772,46.14,44.989,7786.84,6313.24,6628.24,2.21
2016-02-22,47.19,47.66,47.6,47.06,8510.0,0.86,1.84,46.83,45.977,45.031,7533.01,6045.68,6689.08,2.37
2016-02-19,45.98,47.0,46.74,45.8,5994.34,0.33,0.71,46.25,45.536,44.928,6558.13,5861.08,6759.68,1.67
2016-02-18,47.28,47.6,46.41,46.05,9716.35,-0.33,-0.71,45.952,45.152,44.81,6100.32,5970.07,7073.81,2.7
2016-02-17,46.7,46.88,46.74,45.8,6784.74,0.08,0.17,45.86,44.564,44.719,5285.15,5552.35,6999.4,1.89
2016-02-16,44.89,46.77,46.66,44.89,6659.64,1.96,4.38,45.508,44.129,44.496,4839.63,5803.03,6978.1,1.85
2016-02-15,43.1,45.29,44.7,43.0,3635.58,-0.55,-1.22,45.124,43.632,44.369,4558.35,5877.02,7070.25,1.01
2016-02-05,46.0,46.5,45.25,45.25,3705.3,-0.7,-1.52,44.822,43.776,44.325,5164.03,6058.11,7410.1,1.03
2016-02-04,45.5,46.4,45.95,45.2,5640.47,0.97,2.16,44.352,43.821,44.498,5839.81,6215.95,7781.37,1.57
2016-02-03,44.14,45.0,44.98,43.45,4557.18,0.24,0.54,43.268,43.68,44.598,5819.55,6433.26,7619.64,1.27
2016-02-02,43.3,44.99,44.74,43.15,5253.24,1.55,3.59,42.75,43.838,45.013,6766.43,6943.23,7843.98,1.46
2016-02-01,42.88,43.76,43.19,42.31,6663.96,0.29,0.68,42.14,44.085,45.353,7195.69,7332.47,8280.08,1.85
2016-01-29,40.79,43.46,42.9,40.11,7084.21,2.37,5.85,42.73,44.319,45.849,6952.18,7658.28,8522.03,1.97
2016-01-28,41.07,42.55,40.53,40.05,5539.16,-1.86,-4.39,43.29,44.467,46.654,6592.09,8177.55,8783.22,1.54
2016-01-27,42.8,42.98,42.39,39.0,9291.58,0.7,1.68,44.092,44.874,47.739,7046.96,8446.44,9123.78,2.59
2016-01-26,44.59,46.0,41.69,41.61,7399.52,-4.45,-9.64,44.926,44.863,48.725,7120.03,8153.18,9424.19,2.06
2016-01-25,46.3,46.68,46.14,45.7,5446.44,0.44,0.96,46.03,45.105,49.641,7469.25,8263.47,10158.05,1.52
2016-01-22,44.66,46.17,45.7,43.73,5283.76,1.16,2.6,45.908,44.874,50.376,8364.38,8762.09,10526.26,1.47
2016-01-21,45.37,47.23,44.54,44.5,7813.5,-2.02,-4.34,45.644,45.174,51.091,9763.01,9346.78,10710.37,2.18
2016-01-20,47.0,47.88,46.56,46.01,9656.95,-0.65,-1.38,45.656,45.515,51.86,9845.93,8806.03,11105.03,2.69
2016-01-19,45.01,47.33,47.21,45.01,9145.61,1.68,3.69,44.8,46.187,52.513,9186.32,8744.74,11015.4,2.55
2016-01-18,43.48,46.29,45.53,42.01,9922.1,1.15,2.59,44.18,46.621,53.154,9057.69,9227.69,10956.95,2.76
2016-01-15,44.6,47.44,44.38,43.9,12276.9,-0.22,-0.49,43.84,47.378,53.867,9159.79,9385.78,11145.8,3.42
2016-01-14,40.3,44.94,44.6,40.3,8228.08,2.32,5.49,44.704,48.84,54.708,8930.55,9388.89,11680.99,2.29
2016-01-13,44.6,45.18,42.28,41.91,6358.91,-1.83,-4.15,45.374,50.604,55.428,7766.14,9801.12,11804.14,1.77
2016-01-12,43.83,44.99,44.11,43.0,8502.48,0.28,0.64,47.574,52.587,56.197,8303.15,10695.21,11849.24,2.37
2016-01-11,48.38,48.38,43.83,43.83,10432.57,-4.87,-10.0,49.062,54.176,56.849,9397.69,12052.63,11857.46,2.9
2016-01-08,49.65,50.36,48.7,45.78,11130.72,0.75,1.56,50.916,55.878,57.456,9611.77,12290.43,12026.59,3.1
2016-01-07,52.0,52.28,47.95,47.95,2406.01,-5.33,-10.0,52.976,57.008,57.941,9847.22,12073.96,11869.29,0.67
2016-01-06,52.0,53.4,53.28,51.5,9043.99,1.73,3.36,55.834,58.204,58.494,11836.11,13404.02,12260.71,2.52
2016-01-05,49.98,53.5,51.55,49.51,13975.18,-1.55,-2.92,57.6,58.839,58.835,13087.26,13286.06,12357.51,3.89
2016-01-04,58.01,58.6,53.1,53.1,11502.93,-5.9,-10.0,59.29,59.687,59.272,14707.57,12686.21,12274.9,3.2
2015-12-31,62.56,62.58,59.0,58.18,12308.01,-3.24,-5.21,60.84,60.355,59.617,14969.1,12905.83,12461.35,3.43
2015-12-30,62.05,62.98,62.24,61.42,12350.44,0.13,0.21,61.04,60.576,59.69,14300.7,13973.08,12393.38,3.44
2015-12-29,59.81,62.18,62.11,58.71,15299.75,2.11,3.52,60.574,60.252,59.568,14971.93,13807.16,12257.07,4.26
2015-12-28,60.97,63.08,60.0,60.0,22076.74,-0.85,-1.4,60.078,59.806,59.456,13484.87,13003.27,12248.06,6.15
2015-12-25,59.69,60.85,60.85,59.38,12810.54,0.85,1.42,60.084,59.521,59.614,10664.85,11662.28,12208.36,3.57
2015-12-24,59.61,60.47,60.0,58.0,8966.05,0.09,0.15,59.87,59.034,59.472,10842.56,11762.75,12569.94,2.58
2015-12-23,59.55,61.82,59.91,59.48,15706.55,0.28,0.47,60.112,58.874,59.632,13645.46,11664.61,13477.6,4.52
2015-12-22,60.03,60.95,59.63,59.25,7864.46,-0.4,-0.67,59.93,58.783,59.93,12642.4,11117.39,13731.89,2.27
2015-12-21,59.78,60.49,60.03,59.01,7976.64,0.25,0.42,59.534,58.831,60.298,12521.67,11428.96,14811.68,2.3
2015-12-18,60.81,61.13,59.78,59.21,13699.11,-1.43,-2.34,58.958,58.857,60.372,12659.72,11863.58,15124.82,3.95
2015-12-17,59.4,62.99,61.21,59.4,22980.55,2.21,3.75,58.198,58.879,60.492,12682.94,12016.88,15785.56,6.62
2015-12-16,58.01,59.98,59.0,57.75,10691.22,1.35,2.34,57.636,58.804,60.594,9683.76,10813.68,15523.39,3.08
2015-12-15,57.49,58.5,57.65,57.1,7260.81,0.5,0.88,57.636,58.884,60.674,9592.39,10706.98,16364.02,2.09
2015-12-14,54.0,57.35,57.15,53.74,8666.91,1.17,2.09,58.128,59.106,61.017,10336.25,11492.86,17877.53,2.5
2015-12-11,58.0,58.7,55.98,55.8,13815.2,-2.42,-4.14,58.756,59.707,61.592,11067.44,12754.43,18976.86,3.98
2015-12-10,59.1,59.56,58.4,58.36,7984.68,-0.6,-1.02,59.56,59.909,62.295,11350.81,13377.13,20517.7,2.3
2015-12-09,59.25,60.36,59.0,58.5,10234.37,-1.11,-1.85,59.972,60.39,62.558,11943.59,15290.58,21191.09,2.95
2015-12-08,60.1,60.99,60.11,59.59,10980.08,-0.18,-0.3,60.132,61.076,62.648,11821.57,16346.39,21623.94,3.16
2015-12-07,60.5,61.2,60.29,58.5,12322.87,0.29,0.48,60.084,61.765,62.582,12649.48,18194.41,22075.81,3.55
2015-12-04,60.48,61.8,60.0,59.83,15232.07,-0.46,-0.76,60.658,61.886,62.579,14441.43,18386.06,22490.45,4.39
2015-12-03,59.5,61.29,60.46,59.33,10948.55,0.66,1.1,60.258,62.104,62.458,15403.45,19554.25,22622.77,3.15
2015-12-02,60.3,60.3,59.8,56.68,9624.26,-0.07,-0.12,60.808,62.383,62.233,18637.57,20233.1,23003.14,2.77
2015-12-01,62.2,64.5,59.87,58.5,15119.63,-3.29,-5.21,62.02,62.464,62.115,20871.22,22021.05,23416.37,4.35
2015-11-30,58.03,63.8,63.16,56.5,21282.62,5.16,8.9,63.446,62.927,61.875,23739.35,24262.2,23534.09,6.13
2015-11-27,63.74,63.96,58.0,57.0,20042.2,-5.21,-8.24,63.114,63.476,61.413,22330.69,25199.28,23692.57,5.77
2015-11-26,66.1,66.5,63.21,63.21,27119.13,-2.65,-4.02,63.95,64.68,61.136,23705.04,27658.26,23356.34,7.81
2015-11-25,66.91,67.96,65.86,65.01,20792.5,-1.14,-1.7,63.958,64.726,60.581,21828.62,27091.59,22720.25,5.99
2015-11-24,61.0,67.65,67.0,60.82,29460.28,5.5,8.94,62.908,64.22,59.828,23170.89,26901.5,22668.28,8.48
2015-11-23,61.81,63.23,61.5,60.9,14239.32,-0.68,-1.09,62.408,63.398,59.193,24785.04,25957.21,22297.27,4.1
2015-11-20,63.0,63.89,62.18,61.08,26913.98,-1.07,-1.69,63.838,63.272,58.777,28067.88,26594.84,23394.48,7.75
2015-11-19,60.85,63.5,63.25,60.03,17737.04,2.64,4.36,65.41,62.812,58.583,31611.49,25691.29,24361.47,5.11
2015-11-18,64.0,66.64,60.61,60.61,27503.82,-3.89,-6.03,65.494,62.082,58.468,32354.56,25773.19,24760.77,7.92
2015-11-17,68.96,71.0,64.5,63.02,37531.06,-4.15,-6.04,65.532,61.767,58.207,30632.11,24811.68,24604.35,10.8
2015-11-16,69.8,69.8,68.65,66.03,30653.51,-1.39,-1.99,64.388,60.822,57.71,27129.37,22805.99,23458.85,8.82
2015-11-13,62.4,70.04,70.04,62.01,44632.0,6.37,10.01,62.706,59.35,56.881,25121.79,22185.85,22786.49,12.85
2015-11-12,60.41,65.8,63.67,59.27,21452.42,2.87,4.72,60.214,57.591,55.894,19771.1,19054.42,21310.05,6.18
2015-11-11,58.36,61.5,60.8,58.36,18891.55,2.02,3.44,58.67,56.436,55.175,19191.82,18348.9,21009.9,5.44
2015-11-10,59.45,61.35,58.78,58.03,20017.38,-1.46,-2.42,58.002,55.435,54.56,18991.25,18435.07,21463.65,5.76
2015-11-09,56.28,60.7,60.24,56.28,20615.62,2.66,4.62,57.256,54.987,53.851,18482.6,18637.34,21217.51,5.93
2015-11-06,56.0,57.98,57.58,55.48,17878.53,1.63,2.91,55.994,54.282,52.909,19249.91,20194.13,20744.81,5.15
2015-11-05,57.46,57.99,55.95,55.1,18556.01,-1.51,-2.63,54.968,54.354,52.02,18337.75,23031.66,20271.56,5.34
2015-11-04,55.63,57.48,57.46,54.91,17888.72,2.41,4.38,54.202,54.853,51.191,17505.99,23748.35,19727.09,5.15
2015-11-03,54.17,55.9,55.05,54.14,17474.14,1.12,2.08,52.868,54.647,50.2,17878.88,24397.02,18838.79,5.03
2015-11-02,51.87,56.48,53.93,50.92,24452.17,1.48,2.82,52.718,54.597,49.311,18792.08,24111.71,18160.63,7.04
2015-10-30,51.8,53.33,52.45,50.81,13317.69,0.33,0.63,52.57,54.411,48.486,21138.34,23387.12,17212.57,3.83
2015-10-29,51.7,53.45,52.12,50.79,14397.23,1.33,2.62,53.74,54.196,47.801,27725.56,23565.69,16993.81,4.14
2015-10-28,54.0,55.58,50.79,49.8,19753.16,-3.51,-6.46,55.504,53.914,46.997,29990.71,23670.89,16879.38,5.69
2015-10-27,52.51,55.29,54.3,52.18,22040.14,1.11,2.09,56.426,53.684,46.425,30915.16,24492.23,16720.45,6.35
2015-10-26,57.0,57.0,53.19,52.47,36183.48,-5.11,-8.77,56.476,52.715,45.564,29431.34,23797.68,16183.31,10.42
2015-10-23,59.0,62.0,58.3,56.7,46253.81,-2.64,-4.33,56.252,51.536,44.702,25635.9,21295.5,14915.87,13.32
2015-10-22,58.15,60.94,60.94,56.0,25722.98,5.54,10.0,54.652,49.686,43.531,19405.81,17511.47,13050.08,7.41
2015-10-21,54.53,59.95,55.4,54.01,24375.39,0.85,1.56,52.324,47.529,42.144,17351.07,15705.82,12105.98,7.02
2015-10-20,51.5,57.25,54.55,50.3,14621.02,2.48,4.76,50.942,45.753,41.024,18069.31,13280.55,11596.85,4.21
2015-10-19,50.0,52.8,52.07,47.8,17206.32,1.77,3.52,48.954,44.026,40.007,18164.02,12209.56,11491.09,4.95
2015-10-16,49.77,52.07,50.3,49.02,15103.33,1.0,2.03,46.82,42.561,38.978,16955.1,11038.01,11117.23,4.35
2015-10-15,47.4,50.7,49.3,47.0,15449.31,0.81,1.67,44.72,41.406,38.194,15617.13,10421.94,10889.83,4.45
2015-10-14,44.98,49.07,48.49,43.01,27966.56,3.88,8.7,42.734,40.079,37.651,14060.57,10087.86,10533.86,8.05
2015-10-13,40.92,44.61,44.61,40.81,15094.59,3.21,7.75,40.564,39.166,37.082,8491.8,8948.67,9508.58,4.35
2015-10-12,40.0,41.88,41.4,39.95,11161.71,1.6,4.02,39.098,38.413,36.781,6255.09,8568.94,9328.02,3.21
2015-10-09,39.42,39.98,39.8,38.8,8413.47,0.43,1.09,38.302,37.868,36.561,5120.92,8536.24,9274.5,2.42
2015-10-08,38.31,39.67,39.37,38.31,7666.51,2.09,5.61,38.092,37.375,36.285,5226.75,8588.68,9342.12,2.21
2015-10-07,37.8,37.99,37.64,37.23,122.7,0.36,0.97,37.424,36.758,35.999,6115.15,8506.14,9508.47,0.04
2015-09-30,37.42,38.12,37.28,36.7,3911.05,-0.14,-0.37,37.768,36.295,35.987,9405.55,9913.14,10091.58,1.13
2015-09-29,37.9,38.34,37.42,37.0,5490.88,-1.33,-3.43,37.728,35.987,36.201,10882.78,10772.62,10582.54,1.58
2015-09-28,36.5,39.05,38.75,35.79,8942.61,2.72,7.55,37.434,35.395,36.618,11951.55,11196.46,11136.25,2.57
2015-09-25,38.68,38.91,36.03,35.6,12108.49,-3.33,-8.46,36.658,34.981,36.785,11950.62,11357.73,11581.7,3.49
2015-09-24,38.09,40.75,39.36,37.88,16574.7,2.28,6.15,36.092,35.223,37.063,10897.13,10979.87,12038.12,4.77
2015-09-23,35.0,37.62,37.08,33.31,11297.23,1.13,3.14,34.822,34.998,37.406,10420.74,10068.49,11716.93,3.25
2015-09-22,34.9,36.81,35.95,34.88,10834.73,1.08,3.1,34.246,35.148,38.12,10662.46,10087.1,11737.35,3.12
2015-09-21,32.9,35.02,34.87,32.37,8937.93,1.67,5.03,33.356,35.253,39.175,10441.36,10012.77,11818.8,2.57
2015-09-18,33.08,33.67,33.2,32.62,6841.08,0.19,0.58,33.304,35.194,40.426,10764.84,10095.56,12086.0,1.97
2015-09-17,33.88,35.19,33.01,32.86,14192.73,-1.19,-3.48,34.354,35.24,41.94,11062.61,10510.79,12834.86,4.09
2015-09-16,31.79,34.65,34.2,31.01,12505.82,2.7,8.57,35.174,35.679,43.29,9716.23,10270.01,13555.45,3.6
2015-09-15,33.19,33.98,31.5,31.15,9729.26,-3.11,-8.99,36.05,36.415,44.855,9511.75,10392.46,13954.81,2.8
2015-09-14,38.55,39.0,34.61,34.61,10555.3,-3.84,-9.99,37.15,37.841,46.679,9584.18,11076.04,15188.34,3.04
2015-09-11,37.48,38.5,38.45,37.12,8329.94,1.34,3.61,37.084,38.588,48.415,9426.27,11805.67,16475.16,2.4
2015-09-10,38.2,38.54,37.11,37.04,7460.83,-1.47,-3.81,36.126,38.903,49.645,9958.97,13096.36,16821.99,2.15
2015-09-09,37.8,39.3,38.58,37.05,11483.42,1.58,4.27,36.184,39.814,50.913,10823.79,13365.38,17329.26,3.31
2015-09-08,34.28,37.0,37.0,33.8,10091.39,2.72,7.93,36.78,41.091,51.951,11273.17,13387.6,17378.42,2.91
2015-09-07,33.91,36.26,34.28,33.5,9765.78,0.62,1.84,38.532,43.097,52.935,12567.91,13624.83,17348.14,2.81
2015-09-02,34.03,38.88,33.66,33.66,10993.45,-3.74,-10.0,40.092,45.658,53.934,14185.07,14076.44,17360.14,3.16
2015-09-01,39.95,39.95,37.4,37.4,11784.92,-4.16,-10.01,41.68,48.64,55.061,16233.75,15158.93,17588.25,3.39
2015-08-31,45.2,45.64,41.56,41.5,13730.29,-4.2,-9.18,43.444,50.9,56.057,15906.97,16840.89,17632.44,3.95
2015-08-28,42.68,46.2,45.76,41.51,16565.1,3.68,8.74,45.402,53.294,56.597,15502.04,17517.16,17743.89,4.77
2015-08-27,42.88,44.3,42.08,38.06,17851.59,0.48,1.15,47.662,55.516,57.218,14681.75,19300.64,17497.35,5.14
2015-08-26,45.99,47.55,41.6,41.6,21236.85,-4.62,-10.0,51.224,58.242,58.192,13967.8,21144.65,17439.07,6.11
2015-08-25,46.24,48.58,46.22,46.22,10151.03,-5.13,-9.99,55.6,60.386,59.388,14084.11,20547.61,17003.65,2.92
2015-08-24,53.81,56.98,51.35,51.35,11705.63,-5.71,-10.01,58.356,62.012,60.055,17774.81,21293.15,17209.59,3.37
2015-08-21,58.77,61.04,57.06,56.3,12463.66,-2.83,-4.72,61.186,62.811,60.467,19532.27,21369.24,17563.23,3.59
2015-08-20,62.1,64.0,59.89,57.2,14281.83,-3.59,-5.66,63.37,62.772,60.898,23919.52,21071.45,18005.67,4.11
2015-08-19,57.56,64.39,63.48,55.18,21818.39,3.48,5.8,65.26,62.209,61.455,28321.5,20643.85,18192.09,6.28
2015-08-18,66.0,69.49,60.0,58.95,28604.54,-5.5,-8.4,65.172,61.481,61.51,27011.12,20017.58,17660.46,8.23
2015-08-17,67.11,69.34,65.5,65.3,20492.95,-2.48,-3.65,65.668,61.214,61.445,24811.48,18423.99,16615.41,5.9
2015-08-14,73.5,75.5,67.98,67.98,34399.89,-1.36,-1.96,64.436,59.9,61.12,23206.2,17970.63,16109.2,9.9
2015-08-13,61.6,69.34,69.34,61.6,36291.74,6.3,9.99,62.174,58.92,60.75,18223.37,15694.07,14903.93,10.45
2015-08-12,62.48,65.0,63.04,61.3,15266.47,0.56,0.9,59.158,58.141,60.19,12966.21,13733.5,13743.45,4.39
2015-08-11,59.18,64.44,62.48,58.51,17606.35,3.14,5.29,57.79,58.389,60.169,13024.04,13459.69,13668.19,5.07
2015-08-10,57.8,60.3,59.34,56.8,12466.54,2.67,4.71,56.76,58.097,60.524,12036.51,13126.04,14054.47,3.59
2015-08-07,54.71,57.5,56.67,54.71,9485.77,2.41,4.44,55.364,58.122,61.072,12735.06,13757.22,14390.71,2.73
2015-08-06,55.0,56.04,54.26,53.41,10005.9,-1.94,-3.45,55.666,59.024,61.433,13164.76,14939.9,14956.47,2.88
2015-08-05,57.2,59.58,56.2,55.1,15555.62,-1.13,-1.97,57.124,60.701,61.625,14500.79,15740.34,15574.44,4.48
2015-08-04,52.3,57.38,57.33,52.13,12668.71,4.97,9.49,58.988,61.538,61.455,13895.34,15303.34,24168.05,3.65
2015-08-03,57.66,57.95,52.36,52.36,15959.32,-5.82,-10.0,59.434,61.675,61.523,14215.57,14806.82,23540.06,4.59
2015-07-31,58.56,63.98,58.18,56.01,11634.23,-3.37,-5.47,60.88,62.339,62.165,14779.37,14247.77,24350.9,3.35
2015-07-30,67.0,68.6,61.55,59.03,16686.05,-3.97,-6.06,62.382,62.581,62.606,16715.04,14113.79,25061.65,4.8
2015-07-29,60.01,65.52,65.52,56.4,12528.37,5.96,10.01,64.278,62.239,62.628,16979.88,13753.41,25760.89,3.61
2015-07-28,55.25,62.49,59.56,55.01,14269.88,-0.03,-0.05,64.088,61.949,62.452,16711.34,13876.69,26197.77,4.11
2015-07-27,66.08,70.5,59.59,59.29,18778.3,-6.1,-9.29,63.916,62.951,62.669,15398.07,14982.9,26759.09,5.41
2015-07-24,71.89,74.0,65.69,64.8,21312.6,-5.34,-7.52,63.798,64.021,62.76,13716.16,15024.21,26755.56,6.14
2015-07-23,64.61,71.03,71.03,64.61,18010.27,6.46,10.01,62.78,63.842,62.545,11512.53,14973.04,26542.16,5.18
2015-07-22,58.88,64.57,64.57,58.3,11185.63,5.87,10.0,60.2,62.548,62.05,10526.94,15408.55,26822.72,3.22
2015-07-21,57.0,60.2,58.7,56.41,7703.56,-0.3,-0.51,59.81,61.372,61.806,11042.04,33032.76,27867.55,2.22
2015-07-20,60.03,62.18,59.0,57.18,10368.76,-1.6,-2.64,61.986,61.37,61.996,14567.74,32273.31,28897.07,2.99
2015-07-17,58.28,62.08,60.6,58.28,10294.45,2.47,4.25,64.244,61.99,62.171,16332.26,34454.04,30269.57,2.96
2015-07-16,56.45,64.99,58.13,56.39,13082.28,-4.49,-7.17,64.904,62.63,62.335,18433.56,36009.52,32463.15,3.77
2015-07-15,68.99,68.99,62.62,62.62,13761.15,-6.96,-10.0,64.896,63.016,62.442,20290.16,37768.37,34323.15,3.96
2015-07-14,68.5,76.57,69.58,66.3,25332.04,-0.71,-1.01,62.934,62.954,62.051,55023.48,38518.85,35381.73,7.29
2015-07-13,63.93,70.29,70.29,62.0,19191.39,6.39,10.0,60.754,62.386,61.172,49978.88,38535.28,36536.03,5.52
2015-07-10,58.4,63.9,63.9,54.5,20800.92,5.81,10.0,59.736,61.498,60.34,52575.82,38486.91,39049.38,5.99
2015-07-09,47.53,58.09,58.09,47.53,22365.3,5.28,10.0,60.356,61.248,60.015,53585.48,38111.27,41190.0,6.44
2015-07-08,52.81,54.8,52.81,52.81,187427.77,-5.87,-10.0,61.136,61.551,59.753,55246.58,38236.9,42726.57,53.96
2015-07-07,58.68,58.68,58.68,58.68,109.0,-6.52,-10.0,62.974,62.239,59.621,22014.21,22702.34,35750.63,0.03
2015-06-18,66.25,69.99,65.2,64.81,32176.13,-1.8,-2.69,64.018,62.621,59.11,27091.68,25520.84,37829.13,9.26
2015-06-17,62.53,68.12,67.0,59.75,25849.18,5.01,8.08,63.26,62.351,58.302,24398.0,26085.09,39192.43,7.44
2015-06-16,61.0,63.85,61.99,57.4,30670.82,-0.01,-0.02,62.14,62.04,57.338,22637.07,28916.78,40806.84,8.83
2015-06-15,64.09,64.68,62.0,61.6,21265.94,-1.9,-2.97,61.966,61.868,56.611,21227.21,30877.94,42629.2,6.12
2015-06-12,62.0,64.55,63.9,61.41,25496.31,2.49,4.05,61.504,61.147,55.914,23390.46,32244.61,45078.56,7.34
2015-06-11,61.5,61.99,61.41,59.87,18707.73,0.01,0.02,61.224,59.957,55.059,23950.01,34536.78,46775.06,5.39
2015-06-10,60.8,62.57,61.4,59.5,17044.54,0.28,0.46,61.442,59.181,54.115,27772.18,39611.84,47336.12,4.91
2015-06-09,57.89,61.65,61.12,57.89,23621.54,1.43,2.4,61.94,58.781,53.134,35196.49,44268.74,47842.93,6.8
2015-06-08,62.5,65.0,59.69,59.01,32082.19,-2.81,-4.5,61.77,57.955,52.143,40528.66,47216.25,47773.26,9.24
2015-06-05,62.9,63.99,62.5,60.7,28294.05,0.0,0.0,60.79,57.003,51.205,41098.76,48798.93,47156.83,8.15
2015-06-04,63.0,63.0,62.5,57.5,37818.6,-1.39,-2.18,58.69,55.599,50.061,45123.55,50137.41,46472.33,10.89
2015-06-03,63.0,65.71,63.89,60.25,54166.08,3.62,6.01,56.92,54.252,48.851,51451.5,52299.76,45343.16,15.59
2015-06-02,54.0,60.27,60.27,53.98,50282.39,5.48,10.0,55.622,52.636,47.631,53340.98,52696.91,43487.98,14.48
2015-06-01,52.6,55.0,54.79,52.0,34932.7,2.79,5.37,54.14,51.354,46.665,53903.83,54380.47,41822.85,10.06
2015-05-29,52.52,55.34,52.0,48.83,48417.97,-1.65,-3.08,53.216,50.681,45.97,56499.1,57912.51,40903.93,13.94
2015-05-28,56.37,58.6,53.65,53.35,69458.35,-3.75,-6.53,52.508,50.16,45.462,55151.27,59013.35,39429.5,20.0
2015-05-27,52.77,58.15,57.4,51.2,63613.49,4.54,8.59,51.584,49.049,45.596,53148.02,55060.39,36633.42,18.31
2015-05-26,50.0,53.68,52.86,49.7,53096.66,2.69,5.36,49.65,47.487,45.455,52052.83,51417.13,34313.2,15.29
2015-05-25,47.5,50.59,50.17,47.01,47909.01,1.71,3.53,48.568,46.33,45.644,54857.1,48330.28,32501.41,13.79
2015-05-22,49.5,50.12,48.46,47.6,41678.85,-0.57,-1.16,48.146,45.407,45.943,59325.92,45514.74,30740.39,12.0
2015-05-21,47.25,49.49,49.03,46.2,59442.1,1.3,2.72,47.812,44.523,46.349,62875.43,42807.26,29540.93,17.11
2015-05-20,47.7,50.15,47.73,47.51,58137.55,0.28,0.59,46.514,43.449,46.694,56972.76,38386.56,27313.47,16.74
2015-05-19,48.55,50.5,47.45,46.79,67117.99,-0.61,-1.27,45.324,42.626,47.035,50781.42,34279.05,24948.11,19.32
2015-05-18,48.71,48.71,48.06,46.99,70253.13,1.27,2.71,44.092,41.976,47.298,41803.46,29265.24,22414.56,20.22
2015-05-15,42.6,46.79,46.79,42.6,59426.37,4.25,9.99,42.668,41.258,47.64,31703.55,23895.36,19657.25,17.11
2015-05-14,41.79,42.87,42.54,41.6,29928.78,0.76,1.82,41.234,40.764,47.983,22739.08,19845.65,17467.68,8.62
2015-05-13,41.1,42.47,41.78,40.62,27180.85,0.49,1.19,40.384,42.143,48.563,19800.35,18206.45,16833.44,7.82
2015-05-12,40.8,41.29,41.29,40.11,22228.18,0.35,0.85,39.928,43.423,49.349,17776.67,17209.27,16523.99,6.4
2015-05-11,39.7,41.1,40.94,39.66,19753.56,1.32,3.33,39.86,44.957,50.154,16727.01,16672.54,16490.88,5.69
2015-05-08,38.7,39.72,39.62,38.61,14604.04,1.33,3.47,39.848,46.479,50.887,16087.16,15966.05,16273.51,4.2
2015-05-07,39.35,39.49,38.29,38.17,15235.14,-1.21,-3.06,40.294,48.174,51.648,16952.21,16274.61,16453.36,4.39
2015-05-06,41.0,41.87,39.5,39.5,17062.44,-1.45,-3.54,43.902,49.938,52.559,16612.55,16240.38,16873.43,4.91
2015-05-05,40.98,42.0,40.95,40.53,16979.87,0.07,0.17,46.918,51.443,53.535,16641.88,15617.17,17733.88,4.89
2015-05-04,41.55,41.55,40.88,40.38,16554.33,-0.97,-2.32,50.054,52.619,54.343,16618.08,15563.88,17833.92,4.77
2015-04-30,43.06,43.8,41.85,41.85,18929.26,-1.21,-2.81,53.11,54.021,55.154,15844.94,15419.15,18055.98,5.45
2015-04-29,54.9,56.74,56.33,54.3,13536.85,1.75,3.21,56.054,55.201,55.875,15597.01,15089.72,18114.42,5.07
2015-04-28,56.72,57.49,54.58,53.18,17209.07,-2.05,-3.62,55.974,54.983,55.805,15868.21,15460.43,18168.41,6.44
2015-04-27,56.39,57.75,56.63,56.24,16860.87,0.47,0.84,55.968,55.275,55.869,14592.47,15838.7,18218.9,6.31
2015-04-24,55.88,56.2,56.16,54.8,12688.65,-0.41,-0.72,55.184,55.35,55.827,14509.68,16309.21,18294.34,4.75
2015-04-23,56.3,57.89,56.57,56.05,17689.6,0.64,1.14,54.932,55.295,55.808,14993.37,16580.96,18624.09,6.62
2015-04-22,54.9,56.44,55.93,54.9,14892.86,1.38,2.53,54.348,55.122,55.76,14582.44,16632.12,18682.49,5.57
2015-04-21,52.78,54.69,54.55,52.78,10830.36,1.84,3.49,53.992,55.179,55.749,15052.66,17506.48,18935.14,4.05
2015-04-20,54.85,54.85,52.71,52.68,16446.92,-2.19,-3.99,54.582,55.627,55.834,17084.94,19850.59,19514.05,6.16
2015-04-17,53.9,55.37,54.9,53.78,15107.09,1.25,2.33,55.516,56.067,56.075,18108.74,20103.96,19749.98,5.65
2015-04-16,53.7,54.5,53.65,52.59,15634.97,-0.5,-0.92,55.658,56.287,56.173,18168.56,20692.8,20136.89,5.85
2015-04-15,57.12,58.0,54.15,54.0,17243.96,-3.35,-5.83,55.896,56.549,56.402,18681.79,21139.11,20546.16,6.45
2015-04-14,57.16,58.8,57.5,57.01,20991.75,0.12,0.21,56.366,56.627,56.627,19960.3,20876.38,20876.38,7.86
2015-04-13,55.66,58.1,57.38,55.13,21565.93,1.77,3.18,56.672,56.53,56.53,22616.24,20863.56,20863.56,8.07
2015-04-10,54.99,56.26,55.61,54.52,15406.18,0.77,1.4,56.618,56.424,56.424,22099.17,20775.76,20775.76,5.77
2015-04-09,56.4,56.4,54.84,52.9,18201.14,-1.66,-2.94,56.916,56.54,56.54,23217.05,21542.84,21542.84,6.81
2015-04-08,58.7,58.7,56.5,55.5,23636.48,-2.53,-4.29,57.202,56.823,56.823,23596.43,22099.79,22099.79,8.85
2015-04-07,57.11,60.23,59.03,56.38,34271.47,1.92,3.36,56.888,56.888,56.888,21792.45,21792.45,21792.45,12.83
2015-04-03,57.0,57.49,57.11,56.06,18980.6,0.01,0.02,56.353,56.353,56.353,18672.7,18672.7,18672.7,7.1
2015-04-02,56.3,57.44,57.1,55.7,20995.55,0.83,1.48,56.1,56.1,56.1,18570.07,18570.07,18570.07,7.86
2015-04-01,54.91,56.49,56.27,54.75,20098.06,1.34,2.44,55.6,55.6,55.6,17357.33,17357.33,17357.33,7.52
2015-03-31,54.96,55.76,54.93,54.51,14616.59,0.01,0.02,54.93,54.93,54.93,14616.59,14616.59,14616.59,5.47
