name,code,pe
读者传媒,"603999",26.931
方盛制药,"603998",70.0
继峰股份,"603997",19.271
中新科技,"603996",46.897
至正股份,"603991",41.97
麦迪科技,"603990",48.64
艾华集团,"603989",44.102
康德莱,"603987",19.645
恒润股份,"603985",23.565
吉华集团,"603980",22.312
金诚信,"603979",24.714
深圳新星,"603978",42.19
国泰集团,"603977",23.0
正川股份,"603976",31.529
中农立华,"603970",38.363
银龙股份,"603969",36.278
醋化股份,"603968",28.125
法兰泰克,"603966",35.66
大理药业,"603963",36.217
克来机电,"603960",46.367
百利科技,"603959",60.132
哈森股份,"603958",33.404
大千生态,"603955",40.54
益丰药房,"603939",68.597
三孚股份,"603938",56.764
丽岛新材,"603937",44.357
睿能科技,"603933",43.559
亚翔集成,"603929",27.136
兴业股份,"603928",22.632
铁流股份,"603926",21.839
金鸿顺,"603922",24.91
世运电路,"603920",22.588
金徽酒,"603919",21.635
合力科技,"603917",30.303
苏博特,"603916",31.431
佳力图,"603912",51.519
合诚股份,"603909",48.858
牧高笛,"603908",37.684
龙蟠科技,"603906",27.281
中持股份,"603903",67.787
永创智能,"603901",40.909
莱绅通灵,"603900",24.958
晨光文具,"603899",45.595
好莱客,"603898",35.128
寿仙谷,"603896",72.844
春秋电子,"603890",26.701
新澳股份,"603889",29.08
新华网,"603888",14.241
城地股份,"603887",37.043
元祖股份,"603886",28.899
吉祥航空,"603885",15.882
老百姓,"603883",58.577
金域医学,"603882",73.591
南卫股份,"603880",36.986
永悦科技,"603879",42.864
武进不锈,"603878",21.608
太平鸟,"603877",24.696
北部湾旅,"603869",31.765
飞科电器,"603868",53.062
桃李面包,"603866",40.186
白云电器,"603861",42.088
中公高科,"603860",34.0
能科股份,"603859",48.271
步长制药,"603858",18.279
东宏股份,"603856",30.636
华荣股份,"603855",26.261
好太太,"603848",55.262
正平股份,"603843",54.0
安正时尚,"603839",21.982
四通股份,"603838",56.318
欧派家居,"603833",47.846
洛凯股份,"603829",41.682
柯利达,"603828",35.107
坤彩科技,"603826",38.63
华扬联众,"603825",35.488
百合花,"603823",22.303
嘉澳环保,"603822",56.592
神力股份,"603819",34.878
曲美家居,"603818",38.711
海峡环保,"603817",45.448
顾家家居,"603816",35.407
原尚股份,"603813",49.032
诚意药业,"603811",28.159
豪能股份,"603809",22.612
歌力思,"603808",28.474
福斯特,"603806",16.284
瑞斯康达,"603803",26.571
志邦股份,"603801",34.847
康普顿,"603798",14.81
联泰环保,"603797",54.1
宁波高发,"603788",31.265
新日股份,"603787",28.82
威龙股份,"603779",51.394
乾景园林,"603778",19.175
来伊份,"603777",38.928
永安行,"603776",36.722
常青股份,"603768",19.052
中马传动,"603767",23.424
隆鑫通用,"603766",6.75
秦安股份,"603758",24.421
大元泵业,"603757",31.163
泰晶科技,"603738",22.183
三棵树,"603737",49.953
岱美股份,"603730",28.992
鸣志电器,"603728",36.501
博迈科,"603727",18.109
朗迪集团,"603726",39.909
天安新材,"603725",31.185
阿科力,"603722",54.958
中广天择,"603721",51.509
天域生态,"603717",35.038
塞力斯,"603716",28.14
香飘飘,"603711",35.541
家家悦,"603708",21.892
健友股份,"603707",40.535
德宏股份,"603701",20.585
纽威股份,"603699",68.172
航天工程,"603698",50.375
至纯科技,"603690",69.69
皖天然气,"603689",44.222
石英股份,"603688",44.361
龙马环卫,"603686",33.633
晨丰科技,"603685",28.049
晶华新材,"603683",37.7
华体科技,"603679",39.881
火炬电子,"603678",24.885
奇精机械,"603677",16.551
卫信康,"603676",53.344
灵康药业,"603669",33.39
天马科技,"603668",23.72
五洲新春,"603667",39.964
康隆达,"603665",26.456
三祥新材,"603663",60.147
恒林股份,"603661",19.094
苏州科达,"603660",40.912
璞泰来,"603659",59.198
安图生物,"603658",58.09
泰禾光电,"603656",21.653
朗博科技,"603655",29.605
畅联股份,"603648",45.617
海利尔,"603639",27.577
艾迪精密,"603638",54.697
镇海股份,"603637",31.658
南威软件,"603636",23.0
徕木股份,"603633",34.585
拉芳家化,"603630",24.351
清源股份,"603628",53.0
科森科技,"603626",23.517
中曼石油,"603619",32.972
杭电股份,"603618",43.429
君禾股份,"603617",33.662
茶花股份,"603615",27.49
诺力股份,"603611",23.516
禾丰牧业,"603609",17.863
天创时尚,"603608",26.091
京华激光,"603607",41.152
东方电缆,"603606",68.765
珀莱雅,"603605",27.784
纵横通信,"603602",60.944
再升科技,"603601",60.224
永艺股份,"603600",11.875
广信股份,"603599",41.521
口子窖,"603589",34.969
高能环境,"603588",26.921
金麒麟,"603586",18.606
苏利股份,"603585",13.354
艾艾精工,"603580",49.219
荣泰健康,"603579",16.822
三星新材,"603578",46.222
汇金通,"603577",19.004
长久物流,"603569",25.66
伟明环保,"603568",45.208
珍宝岛,"603567",24.013
普莱柯,"603566",41.203
中通国脉,"603559",61.968
健盛集团,"603558",43.034
起步股份,"603557",38.714
海兴电力,"603556",20.033
贵人鸟,"603555",36.76
美诺华,"603538",30.898
惠发股份,"603536",41.872
嘉诚国际,"603535",28.38
多伦科技,"603528",5.54
众源新材,"603527",36.425
立霸股份,"603519",48.675
维格娜丝,"603518",28.529
绝味食品,"603517",38.896
欧普照明,"603515",46.851
思维列控,"603508",33.402
振江股份,"603507",25.577
金石资源,"603505",76.643
祥和实业,"603500",33.077
翔港科技,"603499",40.275
恒为科技,"603496",42.14
展鹏科技,"603488",37.362
振静股份,"603477",57.813
风语筑,"603466",51.548
勘设股份,"603458",43.674
九洲药业,"603456",61.44
吉比特,"603444",17.137
鼎信通讯,"603421",33.0
信捷电气,"603416",24.165
邦宝益智,"603398",41.974
金辰股份,"603396",36.109
新天然气,"603393",24.558
亚振家居,"603389",27.978
元成股份,"603388",25.775
基蛋生物,"603387",43.836
广东骏亚,"603386",41.4
惠达卫浴,"603385",23.242
顶点软件,"603383",40.098
易德龙,"603380",29.985
亚士创能,"603378",27.036
东方时尚,"603377",66.117
今世缘,"603369",25.183
柳州医药,"603368",20.453
辰欣药业,"603367",28.414
日出东方,"603366",19.718
水星家纺,"603365",23.838
傲农生物,"603363",67.36
百傲化学,"603360",23.0
东珠景观,"603359",32.202
华达科技,"603358",15.062
设计总院,"603357",28.05
莱克电气,"603355",39.36
安井食品,"603345",22.275
四方冷链,"603339",35.701
浙江鼎力,"603338",73.065
杰克股份,"603337",35.852
宏辉果蔬,"603336",39.593
迪生力,"603335",43.346
百达精工,"603331",33.897
上海天洋,"603330",30.017
上海雅仕,"603329",27.833
依顿电子,"603328",12.58
我乐家居,"603326",34.0
吴江银行,"603323",13.266
梅轮电梯,"603321",30.667
迪贝电气,"603320",42.377
湘油泵,"603319",33.056
诚邦股份,"603316",36.125
梦百合,"603313",26.233
金海环境,"603311",47.882
维力医疗,"603309",46.15
华懋科技,"603306",22.968
旭升股份,"603305",68.754
得邦照明,"603303",8.098
华铁科技,"603300",63.615
杭叉集团,"603298",21.684
泰瑞机器,"603289",39.521
海天味业,"603288",50.552
赛腾股份,"603283",43.975
大业股份,"603278",24.457
银都股份,"603277",25.708
海鸥股份,"603269",45.418
松发股份,"603268",64.545
天龙股份,"603266",23.787
合盛硅业,"603260",52.183
电魂网络,"603258",24.133
浙江仙通,"603239",9.054
诺邦股份,"603238",35.561
大参林,"603233",43.504
格尔软件,"603232",39.846
奥翔药业,"603229",35.313
景旺电子,"603228",35.557
菲林格尔,"603226",27.713
新凤鸣,"603225",26.309
恒通股份,"603223",50.583
日月股份,"603218",24.255
江山欧派,"603208",23.894
快克股份,"603203",27.911
上海洗霸,"603200",38.894
九华旅游,"603199",47.433
迎驾贡酒,"603198",20.894
保隆科技,"603197",36.633
日播时尚,"603196",27.874
网达软件,"603189",40.195
亚邦股份,"603188",14.765
华正新材,"603186",28.057
建研院,"603183",48.337
皇马科技,"603181",39.717
金牌厨柜,"603180",69.557
新泉股份,"603179",39.453
圣龙股份,"603178",27.296
德创环保,"603177",62.2
莎普爱思,"603168",8.822
渤海轮渡,"603167",25.536
福达股份,"603166",48.882
荣晟环保,"603165",44.248
汇顶科技,"603160",47.557
上海亚虹,"603159",51.02
腾龙股份,"603158",33.509
XD拉夏贝,"603157",15.75
康惠制药,"603139",29.103
海量数据,"603138",63.047
天目湖,"603136",36.67
碳元科技,"603133",62.566
上海沪工,"603131",26.228
春风动力,"603129",30.193
华贸物流,"603128",33.84
昭衍新药,"603127",66.5
中材节能,"603126",49.625
翠微股份,"603123",36.81
共进股份,"603118",8.425
万林股份,"603117",52.105
红蜻蜓,"603116",22.794
金能科技,"603113",32.5
康尼机电,"603111",43.943
东方材料,"603110",32.658
润达医疗,"603108",31.317
恒银金融,"603106",36.29
横店影视,"603103",32.371
汇嘉时代,"603101",30.995
川仪股份,"603100",30.758
长白山,"603099",45.815
森特股份,"603098",30.557
新经典,"603096",43.171
宏盛股份,"603090",42.008
正裕工业,"603089",21.736
先达股份,"603086",23.098
天成自控,"603085",76.412
剑桥科技,"603083",51.222
大丰实业,"603081",47.193
江化微,"603078",48.688
和邦生物,"603077",22.556
乐惠国际,"603076",28.526
海汽集团,"603069",55.217
振华股份,"603067",30.267
音飞储存,"603066",16.271
禾望电气,"603063",24.644
国检集团,"603060",32.752
永吉股份,"603058",55.621
台华新材,"603055",36.298
科林电气,"603050",32.97
广州酒家,"603043",25.92
华脉科技,"603042",36.12
美思德,"603041",24.758
新坐标,"603040",54.39
泛微网络,"603039",48.5
华立股份,"603038",21.591
凯众股份,"603037",17.865
如通股份,"603036",41.721
常熟汽饰,"603035",14.62
三维股份,"603033",16.284
安德利,"603031",37.279
全筑股份,"603030",13.717
天鹅股份,"603029",64.121
赛福天,"603028",70.8
千禾味业,"603027",28.863
石大胜华,"603026",30.083
大豪科技,"603025",57.245
威帝股份,"603023",34.64
爱普股份,"603020",20.678
中设集团,"603018",28.386
中衡设计,"603017",34.0
新宏泰,"603016",57.412
弘讯科技,"603015",65.385
创力集团,"603012",50.333
万盛股份,"603010",46.169
北特科技,"603009",22.95
喜临门,"603008",31.197
花王股份,"603007",19.646
联明股份,"603006",22.897
奥康国际,"603001",19.314
出版传媒,"601999",34.455
中信银行,"601998",7.494
贵阳银行,"601997",7.371
丰林集团,"601996",26.789
金隅股份,"601992",24.6
中国银行,"601988",7.407
中国核电,"601985",25.694
玲珑轮胎,"601966",19.598
中国汽研,"601965",24.306
苏垦农发,"601952",21.698
中国出版,"601949",18.85
建设银行,"601939",8.424
永辉超市,"601933",73.0
吉视传媒,"601929",25.743
凤凰传媒,"601928",17.859
新集能源,"601918",42.366
京运通,"601908",42.231
方正证券,"601901",23.194
南方传媒,"601900",22.019
紫金矿业,"601899",51.444
中煤能源,"601898",38.733
中国国旅,"601888",24.663
江河集团,"601886",31.333
中国银河,"601881",20.13
大连港,"601880",67.143
浙商证券,"601878",41.098
正泰电器,"601877",20.863
招商轮船,"601872",13.515
中国科传,"601858",25.905
光大银行,"601818",6.524
新华文轩,"601811",24.418
皖新传媒,"601801",19.625
中国交建,"601800",13.732
星宇股份,"601799",37.791
宁波建工,"601789",22.977
光大证券,"601788",18.631
中国中车,"601766",30.951
上海电气,"601727",44.537
际华集团,"601718",21.531
风范股份,"601700",46.056
潞安环能,"601699",42.069
拓普集团,"601689",26.821
华泰证券,"601688",21.11
滨化股份,"601678",28.4
明泰铝业,"601677",22.068
中国电建,"601669",15.698
中国建筑,"601668",9.604
平煤股份,"601666",21.317
旗滨集团,"601636",21.229
长城汽车,"601633",10.675
中国人寿,"601628",45.879
中国中冶,"601618",19.44
中国核建,"601611",32.394
上海医药,"601607",20.762
中国太保,"601601",30.571
鹿港文化,"601599",33.4
上海电影,"601595",26.96
北辰实业,"601588",32.0
会稽山,"601579",36.455
三星医疗,"601567",16.35
九牧王,"601566",19.419
东吴证券,"601555",19.78
吉林高速,"601518",22.375
东风股份,"601515",19.529
通用股份,"601500",34.69
工商银行,"601398",8.0
中国中铁,"601390",16.557
兴业证券,"601377",24.116
中原证券,"601375",28.818
绿城水务,"601368",23.344
利群股份,"601366",19.981
百隆东方,"601339",13.325
新华保险,"601336",43.215
广深铁路,"601333",35.063
交通银行,"601328",7.079
中国平安,"601318",20.277
骆驼股份,"601311",21.918
农业银行,"601288",7.055
庞大集团,"601258",43.667
广汽集团,"601238",25.837
桐昆股份,"601233",23.893
环旭电子,"601231",42.297
上海银行,"601229",5.579
广州港,"601228",51.5
陕西煤业,"601225",30.857
林洋能源,"601222",36.107
吉鑫科技,"601218",30.659
国泰君安,"601211",15.851
上海环境,"601200",37.939
江南水务,"601199",16.371
东兴证券,"601198",27.894
龙江交通,"601188",18.98
中国铁建,"601186",11.117
中国西电,"601179",20.273
北京银行,"601169",6.259
兴业银行,"601166",6.209
三角轮胎,"601163",16.228
重庆水务,"601158",29.727
新城控股,"601155",21.324
深圳燃气,"601139",23.343
博威合金,"601137",32.351
常熟银行,"601128",14.373
小康股份,"601127",32.397
四方股份,"601126",22.167
中国化学,"601117",19.361
中国国航,"601111",23.327
四川成渝,"601107",12.266
太平洋,"601099",36.8
中南传媒,"601098",13.83
中国神华,"601088",20.412
国芳集团,"601086",46.167
赛轮金宇,"601058",22.938
一拖股份,"601038",38.218
春秋航空,"601021",32.966
华钰矿业,"601020",57.778
山东出版,"601019",22.103
宁波港,"601018",31.765
节能风电,"601016",37.143
陕西黑猫,"601015",47.826
隆基股份,"601012",43.64
文峰股份,"601010",29.357
南京银行,"601009",5.895
金陵饭店,"601007",79.137
大秦铁路,"601006",19.354
大同煤业,"601001",57.182
唐山港,"601000",15.212
招商证券,"600999",19.645
九州通,"600998",35.648
开滦股份,"600997",18.086
贵广网络,"600996",18.835
文山电力,"600995",28.485
马应龙,"600993",36.0
四创电子,"600990",62.853
赤峰黄金,"600988",14.356
航民股份,"600987",13.706
科达股份,"600986",23.292
雷鸣科化,"600985",43.235
惠而浦,"600983",15.898
宁波热电,"600982",38.968
汇鸿集团,"600981",19.5
北矿科技,"600980",64.415
广安爱众,"600979",22.073
宜华生活,"600978",19.458
中国电影,"600977",26.39
健民集团,"600976",56.405
新五丰,"600975",19.5
宝胜股份,"600973",16.879
中材国际,"600970",34.931
郴电国际,"600969",33.157
内蒙一机,"600967",37.844
博汇纸业,"600966",40.637
福成股份,"600965",47.478
江苏有线,"600959",36.435
东方证券,"600958",34.878
重庆建工,"600939",41.833
广西广电,"600936",34.45
爱柯迪,"600933",22.0
杭州银行,"600926",6.976
江苏银行,"600919",7.663
重庆燃气,"600917",46.167
华安证券,"600909",36.476
无锡银行,"600908",15.519
长江电力,"600900",16.928
厦门空港,"600897",16.956
张江高科,"600895",31.213
广日股份,"600894",7.688
航发动力,"600893",59.196
大晟文化,"600892",8.615
秋林集团,"600891",23.515
南京化纤,"600889",28.867
伊利股份,"600887",35.065
国投电力,"600886",13.083
宏发股份,"600885",41.193
杉杉股份,"600884",49.455
航天电子,"600879",19.9
创业环保,"600874",46.742
梅花生物,"600873",16.176
中炬高新,"600872",56.056
智慧能源,"600869",43.736
通化东宝,"600867",50.957
百大集团,"600865",32.04
哈投股份,"600864",32.292
内蒙华电,"600863",50.0
北京城乡,"600861",35.023
王府井,"600859",24.568
宁波中百,"600857",49.312
中天能源,"600856",31.026
华东电脑,"600850",30.338
上海临港,"600848",56.975
同济科技,"600846",36.601
宝信软件,"600845",43.287
上工申贝,"600843",41.27
四川长虹,"600839",29.368
上海九百,"600838",22.047
海通证券,"600837",19.0
上海机电,"600835",18.289
第一医药,"600833",66.952
广电网络,"600831",36.033
香溢融通,"600830",40.672
茂业商业,"600828",19.207
百联股份,"600827",26.647
兰生股份,"600826",6.705
益民集团,"600824",34.406
世茂股份,"600823",6.456
隧道股份,"600820",16.113
耀皮玻璃,"600819",23.708
安信信托,"600816",7.759
杭州解百,"600814",33.741
东方集团,"600811",14.436
神马股份,"600810",38.105
马钢股份,"600808",26.629
悦达投资,"600805",47.538
鹏博士,"600804",32.6
新奥股份,"600803",29.755
华新水泥,"600801",51.733
宁波海运,"600798",60.21
浙大网新,"600797",45.074
钱江生化,"600796",67.818
国电电力,"600795",13.578
京能置业,"600791",73.3
轻纺城,"600790",17.765
中储股份,"600787",32.359
新华百货,"600785",76.321
鲁银投资,"600784",75.753
鲁信创投,"600783",30.84
新钢股份,"600782",37.673
通宝能源,"600780",53.596
南京熊猫,"600775",61.762
中航重机,"600765",39.774
通策医疗,"600763",77.595
安徽合力,"600761",16.641
红阳能源,"600758",58.0
长江传媒,"600757",14.286
浪潮软件,"600756",50.722
厦门国贸,"600755",16.468
锦江股份,"600754",42.436
天海投资,"600751",55.726
江中药业,"600750",20.669
上实发展,"600748",19.969
华银电力,"600744",34.818
华远地产,"600743",11.969
一汽富维,"600742",16.713
华域汽车,"600741",14.499
辽宁成大,"600739",28.567
兰州民百,"600738",47.929
中粮糖业,"600737",32.55
苏州高新,"600736",23.769
新华锦,"600735",78.784
中国高科,"600730",7.146
重庆百货,"600729",24.388
华电能源,"600726",40.625
宁波富达,"600724",44.154
首商股份,"600723",18.597
百花村,"600721",21.321
祁连山,"600720",50.979
东软集团,"600718",9.934
天津港,"600717",14.467
金瑞矿业,"600714",46.0
南京医药,"600713",31.493
盛屯矿业,"600711",70.079
光明地产,"600708",9.339
曲江文旅,"600706",64.333
中航资本,"600705",21.5
物产中大,"600704",10.403
三安光电,"600703",49.057
均胜电子,"600699",52.152
欧亚集团,"600697",12.723
大商股份,"600694",14.347
亚通股份,"600692",76.567
青岛海尔,"600690",22.676
上海三毛,"600689",25.413
上海石化,"600688",12.269
刚泰控股,"600687",34.925
珠江实业,"600684",13.191
京投发展,"600683",15.103
南京新百,"600682",78.646
百川能源,"600681",21.698
交运股份,"600676",19.143
中华企业,"600675",17.664
川投能源,"600674",13.057
尖峰集团,"600668",19.59
太极实业,"600667",65.0
天地源,"600665",16.585
陆家嘴,"600663",24.597
强生控股,"600662",32.514
新南洋,"600661",35.988
福耀玻璃,"600660",23.632
电子城,"600658",17.422
信达地产,"600657",9.948
豫园股份,"600655",33.303
申华控股,"600653",77.778
游久游戏,"600652",53.143
飞乐音响,"600651",26.732
锦江投资,"600650",34.605
城投控股,"600649",13.738
外高桥,"600648",28.703
同达创业,"600647",31.797
爱建集团,"600643",25.764
申能股份,"600642",10.998
万业企业,"600641",15.249
浦东金桥,"600639",31.119
东方明珠,"600637",15.146
大众公用,"600635",21.818
浙数文化,"600633",29.376
华建集团,"600629",23.858
新世界,"600628",23.022
申达股份,"600626",28.822
华谊集团,"600623",43.3
光大嘉宝,"600622",41.38
华鑫股份,"600621",43.931
海立股份,"600619",59.45
国新能源,"600617",24.526
金枫酒业,"600616",73.538
神奇制药,"600613",24.794
老凤祥,"600612",20.89
大众交通,"600611",21.125
绿地控股,"600606",13.78
市北高新,"600604",39.105
广汇物流,"600603",9.859
云赛智联,"600602",40.223
青岛啤酒,"600600",51.023
北大荒,"600598",26.256
光明乳业,"600597",32.435
益佰制药,"600594",21.42
大连圣亚,"600593",77.296
龙溪股份,"600592",64.531
泰豪科技,"600590",57.947
广东榕泰,"600589",44.214
海螺水泥,"600585",19.677
海油工程,"600583",20.933
天地科技,"600582",21.733
卧龙电气,"600580",42.132
京能电力,"600578",13.536
精达股份,"600577",34.818
祥源文化,"600576",45.235
康恩贝,"600572",39.833
信雅达,"600571",38.893
中珠医疗,"600568",16.615
山鹰纸业,"600567",49.444
济川药业,"600566",34.137
迪马股份,"600565",12.758
法拉电子,"600563",29.202
国睿科技,"600562",50.02
康缘药业,"600557",22.41
凯盛科技,"600552",37.766
时代出版,"600551",15.278
深高速,"600548",16.772
山东黄金,"600547",41.078
山煤国际,"600546",31.25
亿晶光电,"600537",15.903
天士力,"600535",33.092
栖霞建设,"600533",27.673
宏达矿业,"600532",47.682
豫光金铅,"600531",33.0
山东药玻,"600529",30.5
贵航股份,"600523",27.617
中天科技,"600522",23.487
华海药业,"600521",60.184
贵州茅台,"600519",53.784
康美药业,"600518",32.444
置信电气,"600517",18.571
海航基础,"600515",19.508
联环药业,"600513",30.724
腾达建设,"600512",65.714
国药股份,"600511",25.304
黑牡丹,"600510",19.457
天富能源,"600509",19.886
上海能源,"600508",20.097
方大特钢,"600507",28.3
西昌电力,"600505",48.016
安徽水利,"600502",20.853
科达洁能,"600499",54.093
烽火通信,"600498",41.507
精工钢构,"600496",60.828
凤竹纺织,"600493",38.717
龙元建设,"600491",35.071
天药股份,"600488",73.939
亨通光电,"600487",39.925
扬农化工,"600486",38.278
福能股份,"600483",11.545
中国动力,"600482",35.648
双良节能,"600481",41.867
凌云股份,"600480",35.553
千金药业,"600479",32.649
杭萧钢构,"600477",25.926
华光股份,"600475",34.813
百利电气,"600468",66.433
蓝光发展,"600466",23.804
洪城水业,"600461",21.5
贵研铂业,"600459",71.313
时代新材,"600458",34.6
涪陵电力,"600452",33.038
金证股份,"600446",55.488
瑞贝卡,"600439",30.896
通威股份,"600438",39.714
片仔癀,"600436",73.809
冠豪高新,"600433",53.0
华鲁恒升,"600426",24.644
昆药集团,"600422",18.048
现代制药,"600420",13.008
天润乳业,"600419",63.039
江淮汽车,"600418",13.333
湘电股份,"600416",71.941
小商品城,"600415",30.737
三友化工,"600409",24.109
国电南瑞,"600406",31.0
红豆股份,"600400",64.727
抚顺特钢,"600399",66.355
海澜之家,"600398",13.9
盘江股份,"600395",59.661
粤泰股份,"600393",50.462
五矿资本,"600390",3.493
龙净环保,"600388",28.274
北巴传媒,"600386",18.103
金地集团,"600383",9.807
广东明珠,"600382",25.6
青海春天,"600381",29.639
健康元,"600380",40.692
宝光股份,"600379",73.564
宁沪高速,"600377",14.755
首开股份,"600376",17.193
华菱星马,"600375",39.214
中文传媒,"600373",18.34
中航电子,"600372",53.611
万向德农,"600371",44.75
三房巷,"600370",54.623
西南证券,"600369",29.438
五洲交通,"600368",20.045
红星发展,"600367",73.397
宁波韵升,"600366",11.978
联创光电,"600363",36.2
恒丰纸业,"600356",26.375
浙江龙盛,"600352",19.529
山东高速,"600350",9.47
阳泉煤业,"600348",42.111
恒力股份,"600346",30.156
华夏幸福,"600340",15.401
中油工程,"600339",21.088
西藏珠峰,"600338",42.88
美克家居,"600337",11.765
国机汽车,"600335",18.4
长春燃气,"600333",67.667
中新药业,"600329",27.327
大东方,"600327",19.895
西藏天路,"600326",26.974
华发股份,"600325",8.736
瀚蓝环境,"600323",24.182
新力金融,"600318",19.597
营口港,"600317",44.928
农发种业,"600313",78.45
平高电气,"600312",10.796
桂东电力,"600310",20.949
华泰股份,"600308",41.603
商业城,"600306",17.796
恒顺醋业,"600305",41.811
标准股份,"600302",35.739
安迪苏,"600299",15.1
安琪酵母,"600298",52.164
广汇汽车,"600297",15.875
鄂尔多斯,"600295",56.538
三峡新材,"600293",21.458
远达环保,"600292",48.632
江苏舜天,"600287",69.052
羚锐制药,"600285",15.9
浦东建设,"600284",18.236
钱江水利,"600283",73.647
南钢股份,"600282",56.775
中央商场,"600280",77.961
重庆港九,"600279",54.091
东方创业,"600278",41.724
亿利洁能,"600277",54.833
恒瑞医药,"600276",62.346
航天信息,"600271",26.349
赣粤高速,"600269",11.795
北京城建,"600266",15.054
阳光照明,"600261",18.0
首旅酒店,"600258",40.467
梦舟股份,"600255",34.909
中恒集团,"600252",30.286
万通地产,"600246",58.924
华业资本,"600240",10.465
桂冠电力,"600236",13.414
圆通速递,"600233",30.23
沧州大化,"600230",35.574
城市传媒,"600229",20.129
鲁商置业,"600223",44.0
海航控股,"600221",15.429
江苏阳光,"600220",36.173
南山铝业,"600219",26.857
全柴动力,"600218",27.769
浙江医药,"600216",29.667
亚星客车,"600213",39.571
西藏药业,"600211",25.044
紫江企业,"600210",32.635
新湖中宝,"600208",8.076
福日电子,"600203",60.267
生物股份,"600201",28.532
伊力特,"600197",37.47
复星医药,"600196",36.347
中牧股份,"600195",25.601
兖州煤业,"600188",38.782
莲花健康,"600186",51.5
格力地产,"600185",17.545
生益科技,"600183",35.096
S佳通,"600182",54.591
瑞茂通,"600180",19.969
安通控股,"600179",49.28
东安动力,"600178",40.0
雅戈尔,"600177",6.225
中国巨石,"600176",28.989
卧龙地产,"600173",53.639
黄河旋风,"600172",19.678
上海建工,"600170",13.464
武汉控股,"600168",20.286
联美控股,"600167",22.713
福田汽车,"600166",35.625
天坛生物,"600161",58.902
大龙地产,"600159",32.583
建发股份,"600153",11.287
航天机电,"600151",51.224
金发科技,"600143",23.299
中青旅,"600138",32.045
当代明诚,"600136",55.52
东湖高新,"600133",41.071
重庆啤酒,"600132",57.135
岷江水电,"600131",21.606
太极集团,"600129",8.17
杭钢股份,"600126",21.75
铁龙物流,"600125",59.297
宏图高科,"600122",25.192
浙江东方,"600120",18.931
长江投资,"600119",30.152
中国卫星,"600118",75.265
西宁特钢,"600117",64.556
三峡水利,"600116",39.957
东方航空,"600115",25.995
东睦股份,"600114",35.413
浙江东日,"600113",33.742
国金证券,"600109",22.727
重庆路桥,"600106",13.182
永鼎股份,"600105",24.741
上汽集团,"600104",10.861
明星电力,"600101",36.423
同方股份,"600100",6.855
广州发展,"600098",29.177
大名城,"600094",17.802
易见股份,"600093",20.148
同济堂,"600090",21.158
特变电工,"600089",14.974
东方金钰,"600086",58.235
同仁堂,"600085",47.941
东风科技,"600081",32.464
人福医药,"600079",29.159
澄星股份,"600078",59.231
康欣新材,"600076",20.178
新疆天业,"600075",8.955
上海梅林,"600073",30.667
浙江富润,"600070",34.0
葛洲坝,"600068",12.434
冠城大通,"600067",29.909
宇通客车,"600066",13.858
南京高科,"600064",11.968
皖维高新,"600063",55.143
华润双鹤,"600062",25.482
国投资本,"600061",19.464
海信电器,"600060",11.295
古越龙山,"600059",62.533
象屿股份,"600057",22.556
中国医药,"600056",27.314
黄山旅游,"600054",30.872
九鼎投资,"600053",16.743
浙江广厦,"600052",9.463
宁波联合,"600051",19.571
保利地产,"600048",13.127
四川路桥,"600039",11.911
中直股份,"600038",63.758
歌华有线,"600037",25.178
招商银行,"600036",12.183
楚天高速,"600035",19.593
福建高速,"600033",15.045
中信证券,"600030",21.64
南方航空,"600029",23.412
中国石化,"600028",16.893
华电国际,"600027",11.032
中远海能,"600026",13.066
浙能电力,"600023",11.717
上海电力,"600021",21.62
中原高速,"600020",23.876
宝钢股份,"600019",16.236
上港集团,"600018",22.912
日照港,"600017",65.833
民生银行,"600016",6.55
华夏银行,"600015",4.962
皖通高速,"600012",20.135
华能国际,"600011",10.897
上海机场,"600009",30.171
首创股份,"600008",45.146
中国国贸,"600007",24.985
东风汽车,"600006",54.022
白云机场,"600004",12.231
浦发银行,"600000",5.266
光弘科技,"300735",28.541
设研院,"300732",33.667
科创新源,"300731",43.831
乐歌股份,"300729",36.126
润禾材料,"300727",62.137
宏达电子,"300726",52.7
一品红,"300723",31.36
新余国科,"300722",59.719
怡达股份,"300721",37.124
海川智能,"300720",44.629
安达维尔,"300719",35.008
长盛轴承,"300718",36.657
华信新材,"300717",41.045
国立科技,"300716",33.896
凯伦股份,"300715",45.747
英可瑞,"300713",36.435
永福股份,"300712",34.614
广哈通信,"300711",56.62
万隆光电,"300710",49.182
精研科技,"300709",29.388
威唐工业,"300707",51.32
九典制药,"300705",42.397
创源文化,"300703",26.119
天宇股份,"300702",30.022
森霸股份,"300701",48.282
万马科技,"300698",72.189
电工合金,"300697",54.398
爱乐达,"300696",54.614
兆丰股份,"300695",22.627
盛弘股份,"300693",37.387
中环环保,"300692",75.155
联合光电,"300691",69.863
双一科技,"300690",28.005
澄天伟业,"300689",52.518
创业黑马,"300688",70.506
赛意信息,"300687",34.745
智动力,"300686",35.984
中石科技,"300684",29.793
海特生物,"300683",27.044
朗新科技,"300682",53.706
英搏尔,"300681",46.339
电连技术,"300679",23.349
英科医疗,"300677",49.076
佩蒂股份,"300673",33.343
富满电子,"300671",78.235
大烨智能,"300670",33.462
沪宁股份,"300669",35.435
杰恩设计,"300668",55.938
必创科技,"300667",63.413
飞鹿股份,"300665",44.297
科蓝软件,"300663",49.744
科锐国际,"300662",53.152
圣邦股份,"300661",52.197
江苏雷利,"300660",22.393
延江股份,"300658",25.21
晶瑞股份,"300655",58.133
世纪天鸿,"300654",68.556
正海生物,"300653",45.868
雷迪克,"300652",26.99
金陵体育,"300651",40.243
太龙照明,"300650",43.08
杭州园林,"300649",74.566
星云股份,"300648",70.3
超频三,"300647",33.322
正元智慧,"300645",43.554
万通智控,"300643",51.654
透景生命,"300642",42.055
正丹股份,"300641",24.097
德艺文创,"300640",34.651
凯普生物,"300639",61.584
广和通,"300638",67.881
扬帆新材,"300637",31.627
同和药业,"300636",31.711
达安股份,"300635",22.862
开立医疗,"300633",76.806
光莆股份,"300632",44.913
久吾高科,"300631",26.394
亿联网络,"300628",17.614
华测导航,"300627",40.404
华瑞股份,"300626",53.566
三雄极光,"300625",21.94
捷捷微电,"300623",42.53
博士眼镜,"300622",44.441
维业股份,"300621",36.315
光库科技,"300620",53.329
金银河,"300619",60.649
安靠智电,"300617",35.862
尚品宅配,"300616",51.524
欣天科技,"300615",33.958
富瀚微,"300613",61.893
宣亚国际,"300612",32.927
美力科技,"300611",18.098
晨化股份,"300610",23.149
汇纳科技,"300609",56.359
思特奇,"300608",27.727
拓斯达,"300607",47.392
金太阳,"300606",56.833
恒锋信息,"300605",44.626
立昂技术,"300603",79.478
飞荣达,"300602",34.323
瑞特股份,"300600",32.059
雄塑科技,"300599",27.909
诚迈科技,"300598",34.476
吉大通信,"300597",69.516
利安隆,"300596",18.73
欧普康视,"300595",22.857
新雷能,"300593",42.137
华凯创意,"300592",39.75
万里马,"300591",45.039
移为通信,"300590",18.384
江龙船艇,"300589",43.333
熙菱信息,"300588",51.461
天铁股份,"300587",25.767
美联新材,"300586",39.167
奥联电子,"300585",23.106
海辰药业,"300584",44.08
赛托生物,"300583",32.254
英飞特,"300582",26.074
晨曦航空,"300581",19.987
数字认证,"300579",46.23
会畅通讯,"300578",62.017
开润股份,"300577",37.327
容大感光,"300576",30.088
中旗股份,"300575",28.429
兴齐眼药,"300573",27.6
安车检测,"300572",66.495
平治信息,"300571",29.522
太辰光,"300570",20.89
天能重工,"300569",8.533
星源材质,"300568",16.649
精测电子,"300567",78.812
激智科技,"300566",39.567
科信技术,"300565",44.96
神宇股份,"300563",53.534
乐心医疗,"300562",13.153
汇金科技,"300561",18.12
中富通,"300560",51.319
佳发安泰,"300559",35.978
贝达药业,"300558",62.851
理工光科,"300557",38.384
丝路视觉,"300556",68.156
路通视信,"300555",15.157
三超新材,"300554",63.773
集智股份,"300553",56.847
万集科技,"300552",31.854
古鳌科技,"300551",40.867
和仁科技,"300550",38.256
优德精密,"300549",22.396
博创科技,"300548",49.752
川环科技,"300547",28.224
雄帝科技,"300546",15.727
朗科智能,"300543",20.627
新晨科技,"300542",62.0
先进数通,"300541",40.607
深冷股份,"300540",43.052
横河模具,"300539",23.766
同益股份,"300538",61.0
广信材料,"300537",31.179
农尚环境,"300536",31.164
达威股份,"300535",32.241
陇神戎发,"300534",15.559
冰川网络,"300533",27.198
今天国际,"300532",30.41
优博讯,"300531",15.891
达志科技,"300530",44.988
健帆生物,"300529",62.404
幸福蓝海,"300528",30.884
华舟应急,"300527",61.407
中潜股份,"300526",37.98
博思软件,"300525",64.161
世名科技,"300522",19.09
爱司凯,"300521",25.373
科大国创,"300520",38.125
新光药业,"300519",11.541
盛讯达,"300518",42.869
海波重科,"300517",39.62
久之洋,"300516",34.977
三德科技,"300515",32.017
友讯达,"300514",48.67
恒泰实达,"300513",58.461
中亚股份,"300512",25.657
雪榕生物,"300511",31.224
新美星,"300509",32.432
苏奥传感,"300507",17.386
名家汇,"300506",63.056
川金诺,"300505",48.32
昊志机电,"300503",19.97
新易盛,"300502",20.4
海顺新材,"300501",28.405
启迪设计,"300500",37.794
高澜股份,"300499",42.74
温氏股份,"300498",9.003
富祥股份,"300497",22.571
美尚生态,"300495",14.751
盛天网络,"300494",40.978
润欣科技,"300493",34.756
通合科技,"300491",36.941
华自科技,"300490",61.083
中飞股份,"300489",58.674
恒锋工具,"300488",26.479
蓝晓科技,"300487",22.195
赛升药业,"300485",27.019
蓝海华腾,"300484",13.962
濮阳惠成,"300481",56.0
合纵科技,"300477",70.875
胜宏科技,"300476",38.516
聚隆科技,"300475",30.292
德尔股份,"300473",36.205
厚普股份,"300471",11.103
日机密封,"300470",44.38
四方精创,"300468",54.297
赛摩电气,"300466",53.571
星徽精密,"300464",54.637
迈克生物,"300463",42.268
华铭智能,"300462",69.057
惠伦晶体,"300460",78.059
金科文化,"300459",59.368
全志科技,"300458",31.239
赢合科技,"300457",25.934
三鑫医疗,"300453",73.304
山河药辅,"300452",56.226
创业软件,"300451",77.226
浩云科技,"300448",50.273
全信股份,"300447",34.422
乐凯新材,"300446",26.294
康斯特,"300445",58.793
金雷风电,"300443",9.192
运达科技,"300440",16.958
美康生物,"300439",37.212
鹏辉能源,"300438",56.364
清水源,"300437",68.946
广生堂,"300436",63.427
中泰股份,"300435",67.833
蓝思科技,"300433",54.386
富临精工,"300432",28.744
诚益通,"300430",38.2
强力新材,"300429",51.907
四通新材,"300428",72.207
红相电力,"300427",56.538
唐德影视,"300426",44.244
环能科技,"300425",28.615
博世科,"300422",35.498
力星股份,"300421",44.779
五洋科技,"300420",24.4
浩丰科技,"300419",28.618
昆仑万维,"300418",46.553
南华仪器,"300417",54.647
苏试试验,"300416",56.14
伊之密,"300415",39.378
中光防雷,"300414",64.752
迦南科技,"300412",21.5
正业科技,"300410",78.578
三环集团,"300408",32.258
凯发电气,"300407",26.133
九强生物,"300406",28.018
地尔汉宇,"300403",10.793
劲拓股份,"300400",31.674
飞凯材料,"300398",32.4
迪瑞医疗,"300396",56.366
菲利华,"300395",31.192
天孚通信,"300394",35.417
中来股份,"300393",38.815
艾比森,"300389",25.142
国祯环保,"300388",58.463
富邦股份,"300387",23.783
飞天诚信,"300386",55.31
雪浪环境,"300385",34.104
三联虹普,"300384",54.039
斯莱克,"300382",16.791
溢多利,"300381",44.61
东方通,"300379",14.684
赢时胜,"300377",29.606
易事特,"300376",8.363
鹏翎股份,"300375",22.733
恒通科技,"300374",63.808
扬杰科技,"300373",62.766
汇中股份,"300371",47.642
安控科技,"300370",24.729
绿盟科技,"300369",15.197
东方网力,"300367",36.694
创意信息,"300366",23.597
恒华科技,"300365",42.817
博腾股份,"300363",32.61
炬华科技,"300360",15.648
全通教育,"300359",61.75
楚天科技,"300358",36.364
我武生物,"300357",62.4
蒙草生态,"300355",38.2
东土科技,"300353",54.756
北信源,"300352",26.933
永贵电器,"300351",32.422
华鹏飞,"300350",22.045
长亮科技,"300348",42.105
联创互联,"300343",36.139
天银机电,"300342",31.442
麦迪电气,"300341",30.611
新文化,"300336",23.653
迪森股份,"300335",51.114
海伦钢琴,"300329",67.245
中颖电子,"300327",55.636
凯利泰,"300326",36.554
德威新材,"300325",78.625
旋极信息,"300324",39.399
华灿光电,"300323",48.086
硕贝德,"300322",73.75
同大股份,"300321",63.21
海达股份,"300320",46.624
麦捷科技,"300319",9.055
珈伟股份,"300317",22.326
掌趣科技,"300315",31.611
戴维医疗,"300314",61.773
任子行,"300311",56.68
宜通世纪,"300310",30.179
慈星股份,"300307",55.333
远方信息,"300306",46.306
裕兴股份,"300305",31.04
云意电气,"300304",14.608
聚飞光电,"300303",16.043
同有科技,"300302",38.935
富春股份,"300299",30.828
三诺生物,"300298",55.082
蓝盾股份,"300297",32.1
利亚德,"300296",24.126
三六五网,"300295",34.286
博雅生物,"300294",30.5
利德曼,"300289",55.0
飞利信,"300287",30.4
安科瑞,"300286",31.737
国瓷材料,"300285",44.422
苏交科,"300284",24.527
汇冠股份,"300282",33.661
和晶科技,"300279",29.394
阳光电源,"300274",47.171
华宇软件,"300271",36.744
联建光电,"300269",18.506
尔康制药,"300267",13.28
兴源环境,"300266",71.405
通光线缆,"300265",24.676
巴安水务,"300262",25.925
新天科技,"300259",44.591
精锻科技,"300258",32.519
星星科技,"300256",39.048
常山药业,"300255",33.35
仟源医药,"300254",72.149
卫宁健康,"300253",10.759
金信诺,"300252",36.255
光线传媒,"300251",45.12
初灵信息,"300250",25.983
依米康,"300249",62.282
新开普,"300248",49.464
乐金健康,"300247",49.083
宝莱特,"300246",45.609
天玑科技,"300245",62.636
迪安诊断,"300244",50.125
明家联合,"300242",28.552
瑞丰光电,"300241",79.355
美晨生态,"300237",30.127
金城医药,"300233",29.81
洲明科技,"300232",52.138
银信科技,"300231",33.495
永利股份,"300230",19.933
拓尔思,"300229",49.847
正海磁材,"300224",25.0
科大智能,"300222",46.545
银禧科技,"300221",41.658
鸿利智汇,"300219",55.857
安利股份,"300218",33.383
日科化学,"300214",25.8
佳讯飞鸿,"300213",20.385
易华录,"300212",74.869
森远股份,"300210",22.0
天泽信息,"300209",52.639
恒顺众昇,"300208",37.576
欣旺达,"300207",28.833
舒泰神,"300204",25.907
聚光科技,"300203",42.089
聚龙股份,"300202",31.737
高盟新材,"300200",37.222
翰宇药业,"300199",50.576
铁汉生态,"300197",35.229
长海股份,"300196",10.823
长荣股份,"300195",35.425
福安药业,"300194",8.676
佳士科技,"300193",36.758
维尔利,"300190",51.0
美亚柏科,"300188",53.447
通裕重工,"300185",46.2
东软载波,"300183",24.793
捷成股份,"300182",22.801
佐力药业,"300181",64.75
腾邦国际,"300178",40.756
中电环保,"300172",38.5
东富龙,"300171",26.568
汉得信息,"300170",44.464
万达信息,"300168",57.533
东方国信,"300166",24.679
天瑞仪器,"300165",54.167
先锋新材,"300163",43.357
秀强股份,"300160",39.45
振东制药,"300158",25.513
恒泰艾普,"300157",76.538
瑞凌股份,"300154",41.563
世纪瑞尔,"300150",33.941
天舟文化,"300148",18.75
汤臣倍健,"300146",40.486
中金环境,"300145",16.052
宋城演艺,"300144",30.29
和顺电气,"300141",66.944
晓程科技,"300139",79.6
晨光生物,"300138",36.397
先河环保,"300137",74.581
华策影视,"300133",41.222
英唐智控,"300131",37.0
新国都,"300130",40.333
泰胜风能,"300129",26.133
银河磁体,"300127",47.108
汇川技术,"300124",49.847
阳谷华泰,"300121",25.268
瑞普生物,"300119",35.451
东方日升,"300118",11.764
嘉寓股份,"300117",63.364
长盈精密,"300115",27.5
中航电测,"300114",40.5
顺网科技,"300113",25.118
吉药控股,"300108",26.027
双林股份,"300100",19.073
高新兴,"300098",47.214
智云股份,"300097",45.968
华伍股份,"300095",61.679
国联水产,"300094",58.417
科新机电,"300092",60.556
文化长城,"300089",28.771
长信科技,"300088",27.0
奥克股份,"300082",63.273
数码科技,"300079",26.11
思创医惠,"300078",24.533
国民技术,"300077",58.333
数字政通,"300075",50.676
华平股份,"300074",61.481
当升科技,"300073",48.774
三聚环保,"300072",26.761
碧水源,"300070",30.317
南都电源,"300068",34.042
安诺其,"300067",39.933
三川智慧,"300066",36.682
海兰信,"300065",53.235
豫金刚石,"300064",79.232
天龙集团,"300063",11.41
中能电气,"300062",13.961
康旗股份,"300061",40.75
东方财富,"300059",64.303
蓝色光标,"300058",17.394
万顺股份,"300057",59.408
三维丝,"300056",12.25
万邦达,"300055",69.414
鼎龙股份,"300054",22.706
三五互联,"300051",60.75
世纪鼎利,"300050",33.5
合康新能,"300048",17.174
天源迪科,"300047",33.059
赛为智能,"300044",51.433
星辉娱乐,"300043",16.703
回天新材,"300041",43.453
九洲电气,"300040",24.769
上海凯宝,"300039",19.076
新宙邦,"300037",15.482
超图软件,"300036",27.328
中科电气,"300035",76.3
钢研高纳,"300034",54.708
同花顺,"300033",22.262
宝通科技,"300031",39.247
华谊兄弟,"300027",30.931
红日药业,"300026",19.773
华星创业,"300025",36.765
机器人,"300024",73.148
宝德股份,"300023",55.35
大禹节水,"300021",34.016
银江股份,"300020",52.391
硅宝科技,"300019",36.939
中元股份,"300018",29.591
网宿科技,"300017",6.584
爱尔眼科,"300015",54.018
亿纬锂能,"300014",33.712
华测检测,"300012",34.615
鼎汉技术,"300011",51.806
安科生物,"300009",70.959
天海防务,"300008",16.573
汉威科技,"300007",44.548
探路者,"300005",19.065
南风股份,"300004",58.389
乐普医疗,"300003",59.75
神州泰岳,"300002",24.172
特锐德,"300001",55.6
伊戈尔,"002922",30.042
联诚精密,"002921",30.81
德赛西威,"002920",34.015
名臣健康,"002919",54.705
蒙娜丽莎,"002918",29.213
金奥博,"002917",33.232
奥士康,"002913",26.188
中新赛克,"002912",60.194
佛燃股份,"002911",41.463
庄园牧场,"002910",39.0
集泰股份,"002909",45.532
德生科技,"002908",58.937
华阳集团,"002906",31.919
金逸影视,"002905",22.903
宇环数控,"002903",37.364
铭普光磁,"002902",47.826
大博医疗,"002901",60.787
哈三联,"002900",26.09
英派斯,"002899",29.547
赛隆药业,"002898",40.498
意华股份,"002897",30.782
中大力德,"002896",55.513
川恒股份,"002895",76.78
华通热力,"002893",51.636
科力尔,"002892",36.814
中宠股份,"002891",40.189
弘宇股份,"002890",44.368
东方嘉盛,"002889",32.701
惠威科技,"002888",46.017
绿茵生态,"002887",27.073
沃特股份,"002886",39.586
京泉华,"002885",37.6
凌霄泵业,"002884",20.434
中设股份,"002883",51.099
金龙羽,"002882",39.854
美格智能,"002881",52.138
卫光生物,"002880",29.339
长缆科技,"002879",53.286
元隆雅图,"002878",41.18
智能自控,"002877",47.54
三利谱,"002876",49.736
安奈儿,"002875",25.419
新天药业,"002873",38.146
天圣制药,"002872",21.638
伟隆股份,"002871",33.806
香山股份,"002870",20.76
金溢科技,"002869",22.754
绿康生化,"002868",23.612
周大生,"002867",26.387
传艺科技,"002866",43.702
钧达股份,"002865",34.806
盘龙药业,"002864",50.984
今飞凯达,"002863",28.977
实丰文化,"002862",41.985
瀛通通讯,"002861",23.69
星帅尔,"002860",34.959
洁美科技,"002859",20.606
力盛赛车,"002858",55.696
三晖电气,"002857",41.328
美芝股份,"002856",67.159
捷荣技术,"002855",32.6
皮阿诺,"002853",17.851
道道全,"002852",12.193
麦格米特,"002851",41.97
科达利,"002850",29.099
威星智能,"002849",35.875
高斯贝尔,"002848",32.249
盐津铺子,"002847",28.761
英联股份,"002846",30.032
同兴达,"002845",21.029
泰嘉股份,"002843",56.545
翔鹭钨业,"002842",57.776
视源股份,"002841",36.098
华统股份,"002840",57.413
张家港行,"002839",28.071
道恩股份,"002838",32.587
英维克,"002837",17.233
新宏泽,"002836",24.048
同为股份,"002835",14.253
弘亚数控,"002833",41.245
比音勒芬,"002832",36.259
裕同科技,"002831",23.864
名雕股份,"002830",22.842
星网宇达,"002829",20.984
贝肯能源,"002828",33.634
高争民爆,"002827",23.075
易明医药,"002826",39.342
纳尔股份,"002825",30.238
和胜股份,"002824",23.831
凯中精密,"002823",13.793
中装建设,"002822",11.868
凯莱英,"002821",22.145
桂发祥,"002820",27.699
东方中科,"002819",74.013
富森美,"002818",22.471
黄山胶囊,"002817",40.724
和科达,"002816",56.789
崇达技术,"002815",31.01
创新股份,"002812",66.329
亚泰国际,"002811",36.055
山东赫达,"002810",39.164
红墙股份,"002809",37.03
苏州恒久,"002808",29.073
江阴银行,"002807",17.368
华锋股份,"002806",62.632
洪汇新材,"002802",52.804
微光股份,"002801",18.593
天顺股份,"002800",59.547
环球印务,"002799",70.226
第一创业,"002797",36.963
世嘉科技,"002796",45.368
永和智控,"002795",21.946
东音股份,"002793",16.055
通宇通讯,"002792",38.052
坚朗五金,"002791",15.8
瑞尔特,"002790",22.88
建艺集团,"002789",37.5
鹭燕医药,"002788",31.453
华源控股,"002787",14.645
银宝山新,"002786",36.731
凯龙股份,"002783",14.331
奇信股份,"002781",50.458
三夫户外,"002780",46.635
中坚科技,"002779",76.0
高科石化,"002778",66.184
久远银海,"002777",35.361
柏堡龙,"002776",35.4
文科园林,"002775",37.674
快意电梯,"002774",25.396
众兴菌业,"002772",22.623
真视通,"002771",22.279
科迪乳业,"002770",29.625
普路通,"002769",28.235
国恩股份,"002768",50.673
先锋电子,"002767",68.967
索菱股份,"002766",34.262
蓝黛传动,"002765",14.758
汇洁股份,"002763",16.376
金发拉比,"002762",46.306
天际股份,"002759",59.8
华通医药,"002758",37.103
南兴装备,"002757",58.044
永兴特钢,"002756",38.7
永东股份,"002753",38.243
昇兴股份,"002752",37.621
龙津药业,"002750",42.543
国光股份,"002749",35.215
世龙实业,"002748",34.823
埃斯顿,"002747",42.111
仙坛股份,"002746",15.96
富煌钢构,"002743",63.444
三圣股份,"002742",38.891
爱迪尔,"002740",48.579
葵花药业,"002737",30.462
国信证券,"002736",19.679
王子新材,"002735",70.587
利民股份,"002734",30.687
雄韬股份,"002733",47.919
燕塘乳业,"002732",41.433
萃华珠宝,"002731",47.769
特一药业,"002728",38.745
一心堂,"002727",29.685
龙大肉食,"002726",21.509
跃岭股份,"002725",50.786
海洋王,"002724",34.88
金轮股份,"002722",38.329
金一文化,"002721",58.889
友邦吊顶,"002718",31.135
岭南园林,"002717",37.881
金贵银业,"002716",65.586
牧原股份,"002714",23.404
东易日盛,"002713",34.42
思美传媒,"002712",47.039
天赐材料,"002709",40.244
光洋股份,"002708",48.592
众信旅游,"002707",42.038
良信电器,"002706",20.554
新宝股份,"002705",17.104
浙江世宝,"002703",42.04
奥瑞金,"002701",12.714
新疆浩源,"002700",57.158
美盛文化,"002699",43.659
博实股份,"002698",62.5
红旗连锁,"002697",66.164
百洋股份,"002696",55.836
睿康股份,"002692",77.366
美亚光电,"002690",42.832
远大智能,"002689",75.397
金河生物,"002688",24.769
乔治白,"002687",39.222
亿利达,"002686",43.333
猛狮科技,"002684",60.759
龙洲股份,"002682",60.947
奋达科技,"002681",36.613
长生生物,"002680",32.831
珠江钢琴,"002678",71.625
浙江美大,"002677",55.313
东诚药业,"002675",61.179
兴业科技,"002674",43.672
西部证券,"002673",31.494
东江环保,"002672",27.097
国盛金控,"002670",24.498
康达新材,"002669",55.341
奥马电器,"002668",10.565
德联集团,"002666",29.684
长鹰信质,"002664",46.448
京威股份,"002662",8.718
克明面业,"002661",34.6
雪迪龙,"002658",41.875
中科金财,"002657",44.094
万润科技,"002654",36.889
海思科,"002653",27.667
扬子新材,"002652",29.8
利君股份,"002651",72.7
加加食品,"002650",54.462
博彦科技,"002649",17.971
卫星石化,"002648",45.308
民盛金科,"002647",64.6
青青稞酒,"002646",32.084
华宏科技,"002645",61.349
万润股份,"002643",12.293
荣之联,"002642",33.747
永高股份,"002641",18.12
跨境通,"002640",68.276
赞宇科技,"002637",26.548
金安国纪,"002636",33.859
安洁科技,"002635",26.63
德尔未来,"002631",38.172
华西能源,"002630",39.331
宜昌交运,"002627",48.741
金达威,"002626",37.627
完美世界,"002624",34.375
瑞和股份,"002620",13.689
艾格拉斯,"002619",24.074
长青集团,"002616",21.007
哈尔斯,"002615",21.045
奥佳华,"002614",42.391
朗姿股份,"002612",28.878
爱康科技,"002610",60.0
捷顺科技,"002609",47.806
江苏国信,"002608",31.121
亚夏汽车,"002607",25.375
大连电瓷,"002606",25.872
姚记扑克,"002605",51.395
以岭药业,"002603",32.708
世纪华通,"002602",68.796
龙蟒佰利,"002601",39.279
江粉磁材,"002600",39.409
盛通股份,"002599",45.333
山东章鼓,"002598",55.196
金禾实业,"002597",26.979
海南瑞泽,"002596",51.273
豪迈科技,"002595",21.256
比亚迪,"002594",35.17
日上集团,"002593",44.4
万安科技,"002590",49.185
瑞康医药,"002589",13.303
史丹利,"002588",15.818
奥拓电子,"002587",30.348
围海股份,"002586",69.385
双星新材,"002585",36.246
海能达,"002583",75.6
好想你,"002582",55.571
未名医药,"002581",30.564
清新环境,"002573",32.517
索菲亚,"002572",26.27
唐人神,"002567",19.412
顺灏股份,"002565",46.929
森马服饰,"002563",14.906
兄弟科技,"002562",52.406
徐家汇,"002561",20.465
通达股份,"002560",36.2
亚威股份,"002559",29.106
巨人网络,"002558",53.985
洽洽食品,"002557",22.971
辉隆股份,"002556",53.636
三七互娱,"002555",39.688
惠博普,"002554",37.0
南方轴承,"002553",44.535
尚荣医疗,"002551",36.0
千红制药,"002550",30.444
金新农,"002548",26.405
春兴精工,"002547",49.688
新联电子,"002546",47.0
杰赛科技,"002544",76.095
万和电气,"002543",22.911
中化岩土,"002542",61.071
鸿路钢构,"002541",29.184
亚太科技,"002540",26.91
云图控股,"002539",45.786
司尔特,"002538",26.618
海联金汇,"002537",16.75
西泵股份,"002536",45.5
杭锅股份,"002534",36.0
金杯电工,"002533",22.265
新界泵业,"002532",17.722
天顺风能,"002531",30.667
新时达,"002527",36.536
浙江众成,"002522",74.583
齐峰新材,"002521",31.793
银河电子,"002519",11.904
科士达,"002518",25.179
恺英网络,"002517",22.04
旷达科技,"002516",24.132
蓝丰生化,"002513",32.031
中顺洁柔,"002511",30.315
天汽模,"002510",35.167
天广中茂,"002509",33.741
老板电器,"002508",29.671
搜于特,"002503",20.962
骅威文化,"002502",25.029
利源精制,"002501",18.017
山西证券,"002500",55.471
汉缆股份,"002498",25.538
辉丰股份,"002496",47.083
荣盛石化,"002493",19.974
恒基达鑫,"002492",46.013
通鼎互联,"002491",28.067
大金重工,"002487",37.923
江海股份,"002484",35.112
润邦股份,"002483",27.8
广田集团,"002482",31.423
富春环保,"002479",32.226
常宝股份,"002478",20.037
雏鹰农牧,"002477",16.464
立讯精密,"002475",39.967
双环传动,"002472",35.5
中超控股,"002471",46.546
申通快递,"002468",20.374
天齐锂业,"002466",36.922
海格通信,"002465",40.2
众应互联,"002464",22.409
沪电股份,"002463",68.333
嘉事堂,"002462",29.238
珠江啤酒,"002461",69.941
欧菲科技,"002456",30.978
百川股份,"002455",57.471
松芝股份,"002454",20.034
长高集团,"002452",27.074
康得新,"002450",37.767
国星光电,"002449",44.978
中原内配,"002448",25.164
壹桥股份,"002447",17.742
盛路通信,"002446",28.889
中南文化,"002445",42.633
巨星科技,"002444",24.224
金洲管道,"002443",76.083
众业达,"002441",37.778
闰土股份,"002440",23.314
启明星辰,"002439",75.613
江苏神通,"002438",30.167
誉衡药业,"002437",21.557
兴森科技,"002436",45.231
长江润发,"002435",36.313
万里扬,"002434",34.9
太安堂,"002433",26.719
兆驰股份,"002429",15.783
尤夫股份,"002427",78.738
胜利精密,"002426",54.189
贵州百灵,"002424",46.765
科伦药业,"002422",59.829
达实智能,"002421",43.083
天虹股份,"002419",24.308
康盛股份,"002418",51.588
爱施德,"002416",51.316
海康威视,"002415",32.306
汉森制药,"002412",58.92
必康股份,"002411",40.782
广联达,"002410",53.554
齐翔腾达,"002408",44.75
多氟多,"002407",27.789
远东传动,"002406",34.964
嘉欣丝绸,"002404",36.684
爱仕达,"002403",30.0
和而泰,"002402",67.0
中远海科,"002401",63.627
省广股份,"002400",10.86
海普瑞,"002399",48.278
梦洁股份,"002397",48.286
星网锐捷,"002396",37.327
双象股份,"002395",65.895
联发股份,"002394",10.131
力生制药,"002393",50.333
北京利尔,"002392",43.217
长青股份,"002391",33.667
信邦制药,"002390",55.733
大北农,"002385",28.318
合众思壮,"002383",45.35
双箭股份,"002381",61.308
科远股份,"002380",48.306
新北洋,"002376",31.405
亚厦股份,"002375",32.083
丽鹏股份,"002374",27.85
千方科技,"002373",48.701
伟星新材,"002372",23.136
亚太药业,"002370",25.07
太极股份,"002368",34.967
康力电梯,"002367",15.469
中恒电气,"002364",37.172
隆基机械,"002363",54.563
神剑股份,"002361",28.8
同德化工,"002360",32.229
赫美集团,"002356",60.535
天神娱乐,"002354",9.337
顺丰控股,"002352",47.802
漫步者,"002351",58.133
北京科锐,"002350",31.402
精华制药,"002349",19.939
慈文传媒,"002343",39.946
积成电子,"002339",43.762
奥普光电,"002338",33.591
人人乐,"002336",76.653
科华恒盛,"002335",46.597
罗普斯金,"002333",50.607
仙琚制药,"002332",35.25
皖通科技,"002331",48.678
皇氏集团,"002329",19.429
新朋股份,"002328",32.714
富安娜,"002327",19.788
永太科技,"002326",33.2
洪涛股份,"002325",44.636
普利特,"002324",23.0
雅百特,"002323",21.579
理工环科,"002322",51.053
华英农业,"002321",71.637
海峡股份,"002320",58.378
久立特材,"002318",36.25
众生药业,"002317",23.436
焦点科技,"002315",23.341
南山控股,"002314",22.357
海大集团,"002311",41.455
东方园林,"002310",41.314
威创股份,"002308",55.409
洋河股份,"002304",29.78
美盈森,"002303",45.46
西部建设,"002302",58.871
齐心集团,"002301",63.036
太阳电缆,"002300",32.041
圣农发展,"002299",23.846
中电鑫龙,"002298",38.095
辉煌科技,"002296",33.909
信立泰,"002294",32.797
罗莱生活,"002293",31.851
奥飞娱乐,"002292",37.179
奇正藏药,"002287",49.391
保龄宝,"002286",77.0
世联行,"002285",31.919
亚太股份,"002284",45.65
天润曲轴,"002283",34.353
光迅科技,"002281",22.824
联络互动,"002280",46.0
久其软件,"002279",25.985
友阿股份,"002277",12.652
万马股份,"002276",38.13
桂林三金,"002275",24.537
水晶光电,"002273",62.179
东方雨虹,"002271",34.754
华明装备,"002270",20.511
卫 士 通,"002268",63.927
陕天然气,"002267",18.872
恩华药业,"002262",29.363
拓维信息,"002261",41.789
升达林业,"002259",60.099
利尔化学,"002258",45.05
兆新股份,"002256",72.5
海陆重工,"002255",57.025
上海莱士,"002252",60.431
联化科技,"002250",33.563
大洋电机,"002249",30.739
帝龙文化,"002247",24.907
北化股份,"002246",63.75
澳洋顺昌,"002245",49.431
滨江集团,"002244",17.609
九阳股份,"002242",19.044
歌尔股份,"002241",16.389
奥特佳,"002239",9.976
天威视讯,"002238",20.653
恒邦股份,"002237",48.682
大华股份,"002236",38.556
民和股份,"002234",22.588
塔牌集团,"002233",24.384
合兴包装,"002228",43.4
三 力 士,"002224",26.5
鱼跃医疗,"002223",25.363
东华能源,"002221",39.508
天宝食品,"002220",21.265
拓日新能,"002218",26.19
合力泰,"002217",16.852
飞马国际,"002210",8.089
合肥城建,"002208",27.971
海 利 得,"002206",11.278
海亮股份,"002203",24.015
金风科技,"002202",17.683
云投生态,"002200",71.586
方正电机,"002196",20.609
二三四五,"002195",18.212
劲嘉股份,"002191",21.368
成飞集成,"002190",55.45
巴士在线,"002188",49.0
广百股份,"002187",22.739
全 聚 德,"002186",39.89
华天科技,"002185",23.794
怡 亚 通,"002183",28.96
云海金属,"002182",17.66
粤 传 媒,"002181",30.637
中航光电,"002179",33.057
游族网络,"002174",35.147
创新医疗,"002173",51.038
澳洋科技,"002172",16.132
楚江新材,"002171",17.15
芭田股份,"002170",64.181
智光电气,"002169",16.119
莱茵生物,"002166",67.063
红 宝 丽,"002165",28.091
汉钟精机,"002158",41.236
正邦科技,"002157",11.288
通富微电,"002156",70.632
石基信息,"002153",76.5
广电运通,"002152",13.87
北纬科技,"002148",30.0
新光圆成,"002147",10.623
荣盛发展,"002146",10.947
宏达高科,"002144",24.86
印纪传媒,"002143",20.263
宁波银行,"002142",9.426
东华科技,"002140",62.556
拓邦股份,"002139",34.2
顺络电子,"002138",34.833
麦达数字,"002137",27.224
安 纳 达,"002136",73.192
广宇集团,"002133",23.8
恒星科技,"002132",60.0
利欧股份,"002131",7.189
中环股份,"002129",75.789
露天煤业,"002128",22.86
南极电商,"002127",56.05
银轮股份,"002126",27.389
天邦股份,"002124",14.339
梦网集团,"002123",34.367
科陆电子,"002121",39.512
韵达股份,"002120",34.864
紫鑫药业,"002118",60.0
东港股份,"002117",31.967
中国海诚,"002116",33.121
罗平锌电,"002114",58.355
威海广泰,"002111",31.957
三钢闽光,"002110",21.235
沧州明珠,"002108",15.544
莱宝高科,"002106",34.333
恒宝股份,"002104",43.805
冠福股份,"002102",40.357
广东鸿图,"002101",30.246
天康生物,"002100",20.146
海翔药业,"002099",38.333
青岛金王,"002094",34.075
中泰化学,"002092",14.862
江苏国泰,"002091",12.173
金智科技,"002090",48.761
鲁阳节能,"002088",30.133
新野纺织,"002087",22.492
万丰奥威,"002085",32.057
海鸥卫浴,"002084",35.875
孚日股份,"002083",16.048
金 螳 螂,"002081",25.156
中材科技,"002080",51.175
苏州固锝,"002079",60.0
太阳纸业,"002078",23.071
雪 莱 特,"002076",50.136
国轩高科,"002074",18.941
长城影视,"002071",20.694
獐子岛,"002069",71.761
黑猫股份,"002068",63.063
景兴纸业,"002067",20.586
东华软件,"002065",14.884
远光软件,"002063",48.504
宏润建设,"002062",26.095
粤 水 电,"002060",17.277
中钢天源,"002057",76.044
横店东磁,"002056",20.37
德美化工,"002054",42.6
云南能投,"002053",24.101
中工国际,"002051",13.572
三花智控,"002050",41.542
宁波华翔,"002048",17.704
宝鹰股份,"002047",27.778
兔 宝 宝,"002043",39.594
华孚时尚,"002042",22.897
登海种业,"002041",25.274
南 京 港,"002040",39.596
黔源电力,"002039",37.347
双鹭药业,"002038",47.796
联创电子,"002036",46.111
华帝股份,"002035",35.56
苏 泊 尔,"002032",24.007
七 匹 狼,"002029",23.914
思源电气,"002028",33.144
分众传媒,"002027",26.519
山东威达,"002026",31.846
航天电器,"002025",37.951
科华生物,"002022",30.79
京新药业,"002020",34.307
亿帆医药,"002019",35.547
华信国际,"002018",46.625
东信和平,"002017",37.875
永新股份,"002014",19.933
中航机电,"002013",29.865
天奇股份,"002009",61.0
大族激光,"002008",72.606
华兰生物,"002007",34.446
精功科技,"002006",52.214
伟星股份,"002003",17.786
鸿达兴业,"002002",21.082
新 和 成,"002001",36.964
招商蛇口,"001979",17.052
招商公路,"001965",20.63
豫能控股,"001896",10.342
宗申动力,"001696",25.295
华润三九,"000999",22.033
隆平高科,"000998",63.512
新 大 陆,"000997",38.04
诚志股份,"000990",59.759
九 芝 堂,"000989",24.467
华工科技,"000988",65.615
越秀金控,"000987",29.419
西山煤电,"000983",76.471
银亿股份,"000981",44.0
众泰汽车,"000980",75.875
浪潮信息,"000977",70.021
银泰资源,"000975",67.651
佛塑科技,"000973",47.769
中科三环,"000970",48.0
蓝焰控股,"000968",20.476
盈峰环境,"000967",28.235
长源电力,"000966",10.923
天保基建,"000965",20.724
华东医药,"000963",18.85
中南建设,"000961",56.589
东方能源,"000958",10.843
中通客车,"000957",11.707
广济药业,"000952",25.993
中国重汽,"000951",28.548
新乡化纤,"000949",42.736
紫光股份,"000938",67.863
华西股份,"000936",9.985
神火股份,"000933",58.722
中钢国际,"000928",8.488
一汽夏利,"000927",44.892
海信科龙,"000921",17.875
南方汇通,"000920",43.478
金陵药业,"000919",25.21
嘉凯城,"000918",31.864
电广传媒,"000917",37.708
山大华特,"000915",28.391
钱江摩托,"000913",27.986
大亚圣象,"000910",23.235
景峰医药,"000908",16.0
浙商中拓,"000906",23.406
厦门港务,"000905",27.846
云内动力,"000903",12.607
新洋丰,"000902",24.186
赣能股份,"000899",14.975
鞍钢股份,"000898",29.327
双汇发展,"000895",20.643
欢瑞世纪,"000892",12.532
法 尔 胜,"000890",18.351
茂业通信,"000889",38.14
峨眉山Ａ,"000888",31.166
中鼎股份,"000887",24.592
湖北能源,"000883",16.177
华联股份,"000882",59.117
中广核技,"000881",20.301
新 希 望,"000876",12.898
张 裕Ａ,"000869",26.741
三湘印象,"000863",9.224
海印股份,"000861",33.889
顺鑫农业,"000860",26.497
五 粮 液,"000858",45.271
高鸿股份,"000851",65.33
华茂股份,"000850",46.4
承德露露,"000848",20.326
财信发展,"000838",59.05
天音控股,"000829",39.958
东莞控股,"000828",14.144
启迪桑德,"000826",27.062
太钢不锈,"000825",25.274
超声电子,"000823",40.465
京山轻机,"000821",69.944
方大化工,"000818",79.245
德展健康,"000813",13.731
冰轮环境,"000811",11.725
创维数字,"000810",14.854
北京文化,"000802",16.545
四川九洲,"000801",31.669
中水渔业,"000798",76.882
中国武夷,"000797",24.261
凯撒旅游,"000796",53.041
华闻传媒,"000793",23.31
盐湖股份,"000792",77.191
泰合健康,"000790",39.446
万年青,"000789",34.029
北新建材,"000786",31.69
长江证券,"000783",18.205
新兴铸管,"000778",46.937
中核科技,"000777",56.618
广发证券,"000776",16.476
本钢板材,"000761",21.325
中色股份,"000758",43.18
新华制药,"000756",51.778
漳州发展,"000753",16.753
锌业股份,"000751",54.737
国海证券,"000750",20.792
普洛药业,"000739",28.261
振华科技,"000733",38.837
泰禾集团,"000732",16.692
燕京啤酒,"000729",61.441
国元证券,"000728",15.542
鲁 泰Ａ,"000726",12.941
美锦能源,"000723",22.733
湖南发展,"000722",31.0
大地传媒,"000719",14.045
苏宁环球,"000718",12.72
中兴商业,"000715",29.906
锦龙股份,"000712",42.585
河钢股份,"000709",27.667
大冶特钢,"000708",17.926
浙江震元,"000705",59.571
恒逸石化,"000703",40.164
模塑科技,"000700",22.385
沈阳化工,"000698",14.381
惠天热电,"000692",53.191
宝新能源,"000690",26.0
华讯方舟,"000687",54.067
东北证券,"000686",15.379
中山公用,"000685",16.0
东方电子,"000682",77.25
视觉中国,"000681",65.274
大连友谊,"000679",19.136
智度股份,"000676",24.978
当代东方,"000673",58.753
上峰水泥,"000672",63.111
阳 光 城,"000671",27.833
金鸿控股,"000669",36.547
美好置业,"000667",11.817
经纬纺机,"000666",25.532
湖北广电,"000665",21.208
永安林业,"000663",50.417
天夏智慧,"000662",32.016
长春高新,"000661",58.994
金科股份,"000656",17.607
泰达股份,"000652",24.782
格力电器,"000651",17.832
仁和药业,"000650",17.933
西王食品,"000639",63.167
茂化实华,"000637",50.417
风华高科,"000636",78.688
英 力 特,"000635",41.806
顺发恒业,"000631",27.25
天茂集团,"000627",18.773
远大控股,"000626",18.213
长安汽车,"000625",5.895
吉林敖东,"000623",11.952
恒立实业,"000622",42.693
新华联,"000620",20.679
海螺型材,"000619",39.194
中油资本,"000617",19.079
绵石投资,"000609",24.556
华媒控股,"000607",28.182
盛达矿业,"000603",43.929
韶能股份,"000601",17.78
建投能源,"000600",10.666
青岛双星,"000599",46.857
兴蓉环境,"000598",18.966
古井贡酒,"000596",41.479
太阳能,"000591",11.219
启迪古汉,"000590",61.392
金洲慈航,"000587",7.194
北部湾港,"000582",20.93
威孚高科,"000581",14.825
广东甘化,"000576",74.043
粤宏远Ａ,"000573",15.256
海马汽车,"000572",33.214
苏常柴Ａ,"000570",51.909
泸州老窖,"000568",48.291
渝三峡Ａ,"000565",14.019
陕国投Ａ,"000563",25.735
烽火电子,"000561",58.4
万向钱潮,"000559",27.769
神州信息,"000555",45.62
靖远煤电,"000552",36.945
创元科技,"000551",69.417
江铃汽车,"000550",10.765
湖南投资,"000548",55.333
金圆股份,"000546",34.093
金浦钛业,"000545",42.833
中原环保,"000544",30.12
皖能电力,"000543",10.22
佛山照明,"000541",10.986
粤电力Ａ,"000539",27.111
云南白药,"000538",36.357
广宇发展,"000537",20.075
华映科技,"000536",12.461
万 家 乐,"000533",32.212
穗恒运Ａ,"000531",9.64
大冷股份,"000530",17.935
广弘控股,"000529",38.444
美菱电器,"000521",19.065
荣安地产,"000517",74.145
渝 开 发,"000514",43.948
丽珠集团,"000513",34.975
珠海港,"000507",79.167
珠江控股,"000505",50.059
绿景控股,"000502",65.471
鄂武商Ａ,"000501",9.279
山东路桥,"000498",18.014
晨鸣纸业,"000488",17.424
张家界,"000430",45.895
粤高速Ａ,"000429",15.654
东阿阿胶,"000423",22.031
南京公用,"000421",18.733
通程控股,"000419",32.642
小天鹅Ａ,"000418",35.565
合肥百货,"000417",21.898
渤海金控,"000415",16.27
东旭光电,"000413",33.034
英特集团,"000411",48.571
藏格控股,"000408",36.2
华意压缩,"000404",13.975
金 融 街,"000402",12.043
许继电气,"000400",15.678
潍柴动力,"000338",14.033
美的集团,"000333",24.367
东方市场,"000301",44.628
申万宏源,"000166",19.889
国际实业,"000159",73.77
常山北明,"000158",30.071
川化股份,"000155",3.378
丰原药业,"000153",54.905
中成股份,"000151",36.972
宜华健康,"000150",18.234
TCL 集团,"000100",30.412
中信海直,"000099",66.357
广聚能源,"000096",24.345
天健集团,"000090",27.763
深圳机场,"000089",31.899
盐 田 港,"000088",43.812
海王生物,"000078",31.688
特发信息,"000070",15.244
华侨城Ａ,"000069",10.661
北方国际,"000065",19.284
深圳华强,"000062",41.175
中金岭南,"000060",74.733
华锦股份,"000059",9.186
深 赛 格,"000058",54.85
方大集团,"000055",6.846
深天马Ａ,"000050",49.188
德赛电池,"000049",32.607
泛海控股,"000046",12.688
中航地产,"000043",40.579
中洲控股,"000042",42.132
东旭蓝天,"000040",73.526
深大通,"000038",23.184
深南电A,"000037",3.3
华联控股,"000036",7.822
深桑达Ａ,"000032",71.905
富奥股份,"000030",15.615
国药一致,"000028",21.75
深圳能源,"000027",18.029
飞亚达Ａ,"000026",44.806
深科技,"000021",67.948
神州长城,"000018",23.0
沙河股份,"000014",77.362
南 玻Ａ,"000012",23.395
深物业A,"000011",28.787
中国宝安,"000009",67.455
神州高铁,"000008",45.573
世纪星源,"000005",41.618
国农科技,"000004",50.855
万 科Ａ,"000002",17.016
平安银行,"000001",10.098
建设机械,"600984",49.961
乐山电力,"600644",18.203
中再资环,"600217",58.924
中闽能源,"600163",38.962
